Image,mean_l,mean_a,mean_b,std_l,std_a,std_b,skew_l,skew_a,skew_b,label
AAA1,16.022809965885163,1.0980726278364472,-0.2582710763250752,35.236131131237,2.877286945499769,1.400232740597223,1.777562097131171,3.1306430450475107,-2.4981876250292183,normal
AAB1,18.84932812502845,1.7523983719713387,-0.3377495983926701,37.07430612828503,3.9344782092289057,1.3435853106660194,1.487315108505673,2.393426964533622,-2.2703516590953092,abnormal
AAC1,19.90604616323099,5.756381227315571,1.9277652413487896,34.348005115341095,9.802689213526595,3.5349888339484328,1.1762198612607437,1.2927815322046337,1.7462709985336384,abnormal
AAD1,17.926753214189244,4.025589173402005,0.5899585429910432,34.560425440620804,8.224692550195691,1.9271429480806979,1.4398018773476222,1.8651320999046181,2.425177097764499,abnormal
AAE1,18.39087403208834,1.3981671686005992,0.9049041679015055,36.842082955200866,3.458787052689593,2.450887140036762,1.5265911451223488,2.78493167241545,3.271559070285332,abnormal
AAF1,29.333458532431294,1.4275065728036316,7.509736075766663,41.70210274911015,3.0758371403792633,11.373738403798978,0.7444791249608916,1.4473384326939995,1.0406458072287936,abnormal
AAG1,9.724438099661734,2.6446693209547263,0.9578764712912193,26.106536858717554,7.0024799728506535,2.9776994575253495,2.3830453655387367,2.7256249450934185,3.605717511620662,normal
AAH1,15.468200391527683,0.9610772117668878,1.744202808914998,34.138465903585896,2.7259661292220225,4.163032832151385,1.789694403699793,3.012982537168921,2.3712124772318606,abnormal
AAI1,19.97097222586519,2.85989103053836,-0.5958112482293344,37.10655078431372,5.518218966342797,2.0341428499229726,1.3591127572375015,1.8259801806482685,-2.187767537014902,abnormal
AAK1,2.6582117384502917,0.31814604528867185,0.153450673814838,14.779804549838039,1.6565292712701174,0.9899936022733546,5.64746140994487,7.0521162804092254,7.476778228895123,normal
AAL1,18.46584344455207,2.4555702197169444,-0.2767209069001826,36.037722950469295,4.992856569620202,1.5540321442886764,1.48337042645728,2.1168965808708347,-2.8656906576841217,abnormal
AAM1,15.487834884959854,3.645453820807672,-1.9597038197967633,33.21424651828173,8.284415197508329,4.784741876006635,1.7202113529469574,2.369909527177479,-2.6886047375090283,abnormal
AAN1,31.1649561456224,1.7429944088254343,-0.8257964489720065,44.694370511560074,3.1538598029588507,1.747353492394461,0.7564588064019889,1.8941171089508477,-2.0883943193212984,abnormal
AAO1,19.116323103128767,5.146515968384268,-2.573796649804302,35.686286316731426,10.100868523346568,5.093686029711298,1.3606379253359977,1.7168667781767624,-1.7147095452420278,abnormal
AAQ1,4.138317837464239,0.5466587780916511,-0.3203177951347215,18.890208291913712,2.729845066209366,1.649386794802827,4.440815565393321,6.601008945872622,-6.8358057091363,abnormal
AAR1,13.783764873535675,1.688189962592217,2.15899310714101,31.716770538286152,4.239042055164674,5.591903542425865,1.9211049408091985,2.727895465366272,2.5481683807655786,abnormal
AAS1,4.3585189635007975,0.3739180826793668,0.26659153584713763,19.203888877621637,1.8524012176429545,1.4445711716775922,4.318451532695817,6.931888269711122,6.665365810466673,normal
AAT1,4.916173362370923,0.43932945807558965,0.10435861430118581,20.512961613064206,2.1562414665977934,0.6289394046811921,4.022987223789717,6.339627503814567,5.489901101861802,normal
AAU1,21.89468310092147,1.5486175438783722,-0.37038627933481394,39.784406955132766,3.611441537104653,1.7604954993485598,1.285573237132058,2.521894261621867,-1.8274494667438195,abnormal
AAV1,20.862654259417315,1.7105987217350667,-0.6092418087297999,38.759464177524976,4.040245141523301,2.5318631013835753,1.3510206109323977,2.7418262761911945,-1.7186661980362554,abnormal
AAW1,11.040655004001426,1.5721665648395602,-0.9766360689489388,28.923417088554906,4.509416195371869,2.8491372369627794,2.2743426110168805,3.075247611258516,-3.087204261085314,normal
AAX1,18.998971661591643,2.425256460052352,1.3242793188082023,36.41395225326959,4.832469460608046,2.8022218520099984,1.425493669577729,1.8383203585146402,1.9694178270767193,normal
AAY1,31.551568699885816,10.187960731499127,-5.717996820499646,41.0294517725646,13.519482060545116,7.788690919994491,0.5518184932412638,0.7323402051085897,-0.7823698006052591,normal
AAZ1,7.910877939781333,1.4281322551486764,0.26548222477927746,24.830788468683885,4.642867497480199,1.2643898139050238,2.8922937042164203,3.4937859144036305,4.021885716793034,abnormal
ABA1,19.25790433098991,3.167559899412375,-2.07521996122977,36.06734907647628,6.938009663359393,4.654054327396125,1.3709105230148275,2.2436537269834074,-2.3010919779078565,abnormal
ABB1,25.570521679325804,2.609757843553697,1.8571640612336697,40.76819973077306,4.823635478418498,3.2770533070783903,0.987609173938173,1.6920225562239815,1.6977578100758992,abnormal
ABC1,29.776412962731964,6.100288888418595,-4.029572004881569,42.40698460182367,9.085492003280395,6.0218875382890475,0.7344504897896753,1.0543877719296586,-1.0422532801740552,abnormal
ABD1,10.445765882960375,3.2649725923375077,1.0220072488540408,26.624860884555858,8.165160986388859,3.2823955216410927,2.232421059564631,2.5155276761709904,3.3612173712432103,normal
ABE1,13.173805382215466,1.5677711863047203,0.5065631731994858,31.505866208518796,4.023133704160514,1.4160527982076732,2.035104957555814,2.7778540752000014,3.5231131978627825,normal
ABF1,18.02673105864364,0.20662525449797686,0.0009708901194311356,36.11381503040516,2.0927596477182338,1.2817342543877523,1.5325074152577804,0.6716812009191235,0.9628874628150428,abnormal
ABH1,6.741904885710279,0.7416035331180215,0.24993907414407185,23.6392006894528,2.8244951316008287,1.4998554070700552,3.282950723278513,4.347546434840633,5.924366859582574,abnormal
ABI1,25.561258842127543,2.8972934635379746,0.9342918012558665,40.55576144440084,4.92579924661461,2.1683821538430084,0.9866121673009248,1.6039670377821516,2.2994048432834298,abnormal
ABJ1,19.339619397511683,1.715526308693899,-0.6420214187025683,36.13962603683111,3.7601532745314117,1.8470990036474644,1.3650846167506028,2.352582954665128,-2.904818473609235,abnormal
ABK1,16.12811283087666,3.129624835033176,1.4245164180979935,33.24905703272,6.537075042798728,3.1249867143788808,1.619581613908703,1.9392775473344561,2.239726326687599,abnormal
ABL1,19.647368936660552,3.575051714463146,0.23293931601084927,35.00699635935721,6.377986970307054,1.432957025115773,1.252529375158641,1.4901979391226063,2.2134432609675883,abnormal
ABM1,24.420616967036334,0.9484352098583952,0.04854341463786341,41.474805254802725,2.099584011427549,1.2048341685785628,1.1427465317742733,2.7871493091983255,0.09224548105381301,abnormal
ABN1,24.720525976033578,4.534447603396674,1.9434147378229336,37.75958146473217,6.554421445274007,3.3356899653305616,0.9106372012607707,1.1468340666056862,1.8426873685649447,abnormal
ABO1,27.658210106757565,2.1583087571772697,-0.7142651996351399,42.32658496014596,3.594579325351193,1.548820185407531,0.8949839702593694,1.4831675237126811,-1.6892473291724437,abnormal
ABP1,12.298647172532142,2.0318399943659142,-0.905340367356193,30.592287532615664,5.478995192923084,2.720280499338466,2.1399800029971767,3.091002508286291,-3.3504195613209387,abnormal
ABQ1,15.30705240306441,2.250807193319517,-0.007513231719319115,33.56439667700743,5.4152371026170965,1.8214885107599186,1.770906624366255,2.431916958357833,-2.6959413223452184,abnormal
ABR1,16.47593020873166,2.1415011344543817,1.7476743944036672,34.33200251606161,4.887264198539707,3.992500671403375,1.6333853954814017,2.2698461096012763,2.285330845227584,abnormal
ABS1,17.768728470574686,4.196301943236055,-0.430750537405195,34.559535343287024,8.312795686999216,2.141869575566634,1.4591684064989778,1.6904847461681802,0.5287716762970978,abnormal
ABT1,8.03393445534131,1.4453966374286102,-0.7937757185555087,25.403072135767058,4.831887032984349,2.722393888177254,2.9003052839728873,3.786996745826357,-3.900738780170379,normal
ABU1,14.129302359157851,1.220137515267619,0.9144724208234364,32.82378449448729,3.2282656836016295,2.4258631784535742,1.9327950035011494,2.942654817108655,3.009846452176909,abnormal
ABV1,11.199143940143063,2.5398585764715245,-0.5133157144249411,28.089601025758537,6.243302476882381,1.8507104345397778,2.1697516826566443,2.6641600799608143,-4.002091175496505,abnormal
ABW1,19.62299789914125,1.5856339053727968,0.9218975904040195,37.476182276287304,3.6733941655007767,2.3570604333924603,1.4154026694179815,2.5281944643794256,2.8651213207753243,abnormal
ABX1,14.255593070823064,3.310743583924129,0.43982606816094655,31.58844121477269,7.431267701995069,1.665926969898238,1.8055905044919538,2.121826654752305,2.5583151160417748,abnormal
ABY1,27.87068287004141,4.563073220196609,1.1216369208877746,40.77591440716702,7.392156261956699,1.9829191243853495,0.8079400785572244,1.2133290723044423,1.8351142635529138,abnormal
ABZ1,9.227200228682925,1.594414466091135,0.4321284247734279,26.513041503352937,4.713731450928378,1.6113288865465056,2.6113894733190572,3.375571064532909,4.021827498737717,abnormal
ACA1,4.686430785401711,0.21759858554821124,0.1234392337106357,20.288534627361177,1.2296478647425217,0.7464039281883371,4.181061325901041,7.447572325181763,6.806159754946641,abnormal
ACB1,4.526943262697228,0.23766064930309255,0.11436585564139275,19.979900393782295,1.344828724109817,0.709632594886093,4.276225437800253,8.02344807337311,4.637237699638209,normal
ACC1,13.220919469358108,2.3277014451888576,0.8403423345493435,30.908295426929655,5.639558278624316,2.3297952577645735,1.9462997276700957,2.3346173973777793,2.882344882957609,abnormal
ACD1,13.093304534791805,1.3381069066446283,0.011805192548488745,32.042459506767706,3.46800367287421,1.2120601781089961,2.07258124047941,2.777922118171577,-2.512653105524938,normal
ACE1,11.737276895868401,2.548437764837509,1.4742936921438996,27.99330683874242,6.398611341501242,3.8974946640565333,2.024795585999816,2.556054887919139,2.6276395479097494,abnormal
ACF1,26.070417915856023,2.8121054393858835,-1.701228451653263,41.835566965972795,5.959108273052538,4.09624880285903,1.003010208296471,2.151659288059296,-2.232174735453208,abnormal
ACG1,21.010288438382574,5.042963840689955,-2.310118636238788,36.998609685335595,9.08309344833153,4.253651804920399,1.225176022393535,1.5739154372102544,-1.628701917329421,normal
ACH1,2.933854144991489,0.31289687408417377,-0.025926909812186025,15.627882233250952,1.34528584823002,0.4028185020193375,5.365495884413434,5.581581695945902,-1.7299846355311654,normal
ACI1,12.860270718770856,3.6287897905877795,0.6528680948043355,29.596104340161716,8.418135514195328,1.8922403725032324,1.9205872333612488,2.2106042483036306,3.08238329221717,normal
ACJ1,7.590390546792399,0.597042098715874,0.21426714650801515,25.127601903522542,2.2429789958851005,0.8303066639853077,3.0853731842247183,4.731912080571724,5.09932610104077,normal
ACK1,4.9077003288857135,0.28565973084291296,0.23028584262711063,20.555972032231935,1.544332446320129,1.2084031974968157,4.046928805740091,7.323019370899003,6.691003258007556,normal
ACL1,21.235193113941715,2.021539475247352,0.9546582458383143,38.59724274464094,4.1969038851870355,2.0513790375236542,1.2912978264902533,2.1074506944587275,2.345209794178406,abnormal
ACM1,13.09675918171111,1.8146662212554743,-1.1633445697614637,30.237143530067463,4.30036383230253,2.8457667079022113,1.9164469150990382,2.4652856971533827,-2.55611193565533,abnormal
ACN1,8.512127510395368,2.0206063137722237,-0.43381390297242545,25.150470037022835,6.110119805728883,1.8162294139832298,2.705030712197337,3.414850578094175,-4.192262404742394,normal
ACO1,15.926418131790786,3.136668584829897,1.0055315745440905,33.04770487952261,6.57167480571115,2.2999030017913022,1.6281119875199588,1.9459079412173417,2.355754332377753,abnormal
ACP1,20.19342483571295,5.48930924438649,-0.48549186492611474,34.26171561688493,8.298489263572078,1.628968631929144,1.1652655031628072,1.320341710257587,-1.3560288461344927,abnormal
ACQ1,19.488842135033146,4.36185704122305,1.9368603666366186,35.21818442351891,7.8245389085562795,4.036214545169335,1.2899215027555362,1.5131225724436377,2.2224000997300233,abnormal
ACR1,23.812815872621133,3.416438279213182,0.8100469472437906,39.33763070010499,5.967681291125626,2.5596358816257756,1.0710258562486263,1.5596842381562366,1.4487554699274485,normal
ACS1,29.980689038208876,8.476332809462066,-4.437880674629137,41.034283764666526,12.219337306460323,6.684690867338159,0.6591496104624008,0.9615331035809693,-1.049327218849506,abnormal
ACT1,24.28923892010638,1.693927521650962,-0.7755585747341456,40.041266514191456,3.608228561924051,3.6208688501918074,1.0690879987304278,2.054915587054277,-1.8205644376129926,abnormal
ACU1,25.151402777410865,1.526821032899931,0.004295729108150933,41.751080967298755,3.4489880524797605,2.6822867353021094,1.0781893328660126,2.497232893440021,0.5777727108317632,abnormal
ACV1,5.441255573920402,0.6619698278032884,0.18590323900627342,20.784271539907557,2.354178341942691,0.9732348101208308,3.7036046056730467,4.439232168251952,5.46265636219328,normal
ACW1,24.566767822892555,2.008228311586214,0.8317858209009986,40.647557350777625,3.6522349123723123,1.8737131182524216,1.0818622734357486,1.7503783067019825,2.628133621453999,abnormal
ACX1,19.98996165989009,4.850080821585531,-0.719267033449316,35.715997387793045,8.692727026832296,2.147375346608049,1.2743825415868206,1.6156944865873968,-2.309323322319445,abnormal
ACY1,15.834724584312745,1.6248484860122794,0.5690823817312202,34.33581481371357,3.9471926894282534,2.6564708124675747,1.7459052052159183,2.8292898753959936,2.689734287529928,normal
ACZ1,17.188118903841378,1.9792607398492088,0.08533601968021459,35.290936873488384,4.250313170624519,0.9672658115197649,1.608171800228807,2.1560128953935047,0.3126183850690533,abnormal
ADA1,22.30645940252752,2.5901074712168706,-1.7025038033638429,37.363439430985544,5.1645806470765,3.493054474910287,1.1043385965488521,2.0474959126131567,-2.110516179781247,abnormal
ADB1,21.932699186441543,4.339686994932555,-1.137541780080982,37.95769297221946,7.98215420790985,3.672557650050464,1.1787546167269332,1.5949425536326556,-1.8019525588247338,abnormal
ADC1,31.898647126835147,0.2872669943586909,8.435512171706407,43.22680175856908,3.2071827342427683,12.300966787770466,0.644018811992679,-0.35970941570089204,1.0314015126121734,abnormal
ADD1,18.693850829132135,1.1549857808431625,0.16092600442716462,37.02551602124665,2.5044770080990983,1.7987867444415073,1.5262901316591257,2.7241922635726623,1.5981797230406094,abnormal
ADE1,22.510431819305808,1.1786738025090315,3.3458398998837358,39.28767038362171,3.009662151248236,6.761007054912276,1.2031092698614247,1.7700626479100403,1.8909083970072662,abnormal
ADF1,21.497969466619143,3.06548157810889,-0.24506976967627528,38.3348291930628,6.056222127809097,1.6547028367340448,1.246223102696101,1.8057141319558023,-2.4058490923393516,abnormal
ADH1,24.69032054135453,0.5662879709843439,0.8010598887187316,41.867410172869974,1.810790434376526,2.2715156009394772,1.1308093352410509,3.0384936432482976,3.388675054802732,abnormal
ADI1,8.044029354840909,0.6963691751244834,0.13188075871392468,25.71077819875412,2.616114732625607,0.6754181596953437,2.959472476745823,4.721451782946807,4.700366349442204,normal
ADJ1,28.701674586498754,2.9020610588614693,-0.08583571229908593,42.3978237893495,4.616267550700181,1.7677004269850574,0.8213429493757431,1.396488266748324,-0.41392970133794615,abnormal
ADK1,12.672354723961153,4.409310096678789,1.7865994640801526,28.770142904512404,9.789953960517446,4.3670085163100785,1.8748536832411546,1.9714472131770102,2.5604302591072665,normal
ADL1,11.523637412503678,0.8803073628526454,0.3466125117407705,29.990243536793166,2.1368212921838032,1.1672036343515173,2.293914261710159,2.953978784795007,4.2710346887696335,normal
ADM1,14.028440162915272,2.0843079929407278,-1.40768128069049,32.86936892183385,5.578431602721985,3.806536855220562,1.9516898770677567,2.9589749500581717,-2.986857082938881,abnormal
ADN1,26.491060512922218,5.0711366732256264,-3.3243382993957793,40.87898997489196,8.494197758216592,5.746422785124851,0.9255993783676739,1.4938026459359952,-1.5489758538444927,abnormal
ADO1,17.313338233102026,1.8489731617060299,0.1893010979353559,35.641898744112055,4.498326132521604,1.2283331297099511,1.6071643292097726,2.6361606556057837,2.1704218536561517,abnormal
ADP1,12.431785713229782,2.534885115178048,-0.8933669023906067,29.133351688426735,6.3577124127121785,2.2657824124960455,1.943979450464632,2.4755271732432855,-2.4254382744716976,normal
ADQ1,8.517899992844654,2.4107026996965577,-0.062328675030272535,23.889109991688432,6.588427983529474,0.9411330995894203,2.5452910836285594,2.8265508941178257,-1.0842303835963116,abnormal
ADR1,21.094383751283402,1.1171513602301852,-0.09781491772030187,39.40733647071485,2.587674026294886,1.311568712866381,1.3557173927756558,2.565995406046139,-0.665233281318485,abnormal
ADS1,29.31640290544092,5.546121544169095,-3.7878709993795385,42.284516851921616,8.79292066881488,6.039083813130763,0.7704826586460565,1.3013057839230062,-1.3033510060026818,abnormal
ADT1,8.04079956137254,1.0768538255516642,0.5857176372222326,25.326296259261582,3.6226807755081434,2.1333312830954085,2.882177123496731,3.596791407790674,4.11959413438231,abnormal
ADU1,24.618114666052254,4.362850634377833,0.8943971276168936,38.90049376966961,6.855441233966032,2.4238866556985332,0.9836283536594412,1.2970512696970766,2.133933155717233,normal
ADV1,24.862828491334557,3.521741164111283,0.5689829046017695,39.797087748704506,6.3301813803687095,1.6934459560201747,1.0068370279180998,1.6004840751027845,2.039532676099065,normal
ADW1,6.023291767072795,0.2219919377822857,0.18389166595691062,23.015937368069242,1.267211622327681,0.9377539443931308,3.621075683620807,7.5103228326471765,6.504341220912308,normal
ADX1,23.507686605377383,0.7876570076536273,1.0516006286610278,40.91484385607472,2.3580762044862746,3.3791677057049325,1.1841293992264044,2.5399183099926956,3.1888976225053587,abnormal
ADY1,20.264258008828183,1.1767324499582639,3.343200626632414,37.897013407774224,3.544371653069406,7.5345934317952015,1.3592569016016751,2.632496468017497,2.3718227414083572,abnormal
AEA1,24.078984034391524,6.56699901349285,3.5614786520451154,36.8334206820161,9.811784920694816,5.691543126697318,0.9136794233400451,1.0642303744680999,1.2971485781418652,normal
AEB1,25.587599011466942,4.349367220560907,1.3749163366146508,39.17100415691431,6.741970803441991,2.250455368310062,0.913264754409451,1.3072895056239477,1.5610335405906235,abnormal
AEC1,18.04327007649278,5.836037286000496,-2.6369968554758474,34.036112397405624,11.342781048331345,5.498170306685498,1.388841579502248,1.6730919832215179,-1.8994516879250933,abnormal
AED1,11.1344039953216,1.7319022364392176,-0.3398605855984818,29.340274997047622,4.7844586004536716,1.4486408520354495,2.3067354479091335,2.9861578681849252,-3.2239331136926754,abnormal
AEE1,12.415854583511855,1.8465770321159807,1.2537035958336373,28.99975788493367,4.2598343738077675,3.13116239712021,1.9641596767461624,2.3590097257340554,2.5666388831897957,abnormal
AEF1,15.006125439972092,2.522978122067897,-1.5926073482498866,33.473028870454655,6.327951684178019,4.086349057017064,1.8177534444671766,2.8327374144933333,-2.8597030543081763,abnormal
AEG1,4.197837107511226,0.43051832748271573,0.3812145816030688,18.818081115104718,2.1127437238517093,1.9538564835909655,4.357060021360929,5.761364859331088,5.878305793604254,normal
AEH1,22.567355334757874,2.0375256784088185,-0.13511455381633458,39.79252579888791,4.167979703271191,1.3508396285612843,1.214688773862001,1.9703072912961472,-1.2381319727730005,abnormal
AEI1,10.866690081788569,0.8719282876737776,-0.032138326541029535,29.53944923601953,2.8130925446360764,1.2830894817763259,2.3966495620841703,3.8136703270584276,-0.5026048274217062,normal
AEJ1,7.402224859488625,0.8410953815996655,-0.45438872869179175,24.731862007064755,2.956425588522582,1.5585513117640581,3.105562488044697,4.384359457973106,-4.068466856492133,abnormal
AEL1,13.80929365300555,2.869053172477551,-1.4847028314144803,31.890444237257736,6.624361979874987,3.6155047372394207,1.918286846627264,2.3829662479017895,-2.567388929401395,abnormal
AEM1,28.348239948581302,2.8819519530869337,-0.625590892578956,42.746789989227054,5.17550131086652,2.0155851539449454,0.8628914645078992,1.6033605358867344,-2.160099171692774,abnormal
AEN1,27.132852204150872,3.7181972541384485,1.7255577968709523,40.9887554731292,6.375832171482675,3.8509396595353973,0.866048101386666,1.4774625983563892,2.1338375778327947,abnormal
AEO1,14.810577482480666,2.010939402360039,-1.0514860586176422,33.562759202969836,4.917592684954959,2.573288535806366,1.8526240449599003,2.4910959979860294,-2.48925081115325,abnormal
AEP1,15.400314391537202,1.059170285918272,-0.2564817340600417,34.60552207626631,2.6771913464630983,0.8531091691923794,1.8238288431529073,2.5905475963245115,-2.9759076670649867,normal
AEQ1,17.38052529327871,1.1679105499918885,-0.35317013247821705,36.49340432434224,3.254434605969306,1.6794565406974262,1.650648640004511,3.2864705614622487,-4.0621123314225915,abnormal
AER1,10.659929011739468,2.685515344236891,-1.1063473713951917,28.07104056846346,7.320601609723323,3.3479432361433434,2.3304559824090303,2.992336933976648,-3.3691511397608105,abnormal
AES1,15.841666138057507,1.401737378082391,0.6601280489279261,33.10761169131456,3.0831149772149224,1.5758903525988928,1.6480772208148007,2.233447083049806,2.9114986451621285,abnormal
AET1,26.49030334807909,6.115643573615204,-2.829539520957374,40.13367255218649,9.901657266675796,4.807787758830406,0.8822277549212507,1.3023561164988102,-1.4336482506666717,abnormal
AEU1,20.592381162724145,0.9484914901484578,-0.4272449570405128,37.68668732796444,2.4023474017180293,1.5891242896350157,1.3132702372698406,3.0842201093604915,-1.381926672067684,abnormal
AEV1,19.53439263323812,3.9013165610624383,2.937681335850407,35.416068247722215,7.402537510282291,5.789535651466853,1.2995023307692788,1.5954029649535553,1.978701406511723,normal
AEW1,19.439802400317028,2.3248887826516946,0.6520975663332165,36.951434194468895,4.922591091395297,2.0594604753770156,1.4025643314509042,2.161538959642776,2.9486207439049523,normal
AEX1,25.523711354625732,1.0708054273457892,1.0259125891787526,41.900531890516355,2.5586660775192,3.003648263271061,1.0565398989870252,2.5890588011250113,2.88417245288253,abnormal
AEY1,19.414544910379583,2.6415139769029405,0.7778644699452885,36.639523000489184,5.14567396968386,1.745566509675569,1.3854435055761223,1.7866042620808542,2.349387342684394,abnormal
AFA1,18.010256918050263,2.93734444553145,-1.3965762742671346,35.99236864843643,6.331690295858138,3.1307252864998083,1.5274717791941816,2.25332755215081,-2.3177295835779654,abnormal
AFB1,26.083759236378686,2.987841133931294,-0.7618539803220964,41.58341701678216,5.449865874023089,1.716391491730576,0.9823549210717762,1.631911820344879,-1.9211055602386502,abnormal
AFC1,13.30130303973272,2.791599022005967,1.4122408062896352,30.411285234255573,6.33236552464322,3.3546393044853535,1.9085207714793857,2.2572102641826177,2.436622645303762,normal
AFE1,15.423815497609308,2.5447750967276703,-1.0906353866243694,34.045819726718754,6.15621879902869,2.6355226927660693,1.7734433409086527,2.348620340249597,-2.255980142509909,normal
AFH1,25.89506433042333,5.997587428368242,-3.0279067930612196,39.95354907579041,9.634987889791118,4.94344278182868,0.9183234646150777,1.247487111241811,-1.2775333117828926,normal
AFI1,11.433619948755666,4.092021928041291,-1.301165447212823,26.52959438235246,9.536156754893788,3.157191843051583,1.9436235994925444,2.1971402078710143,-2.331326520707854,normal
AFJ1,9.55725831230053,2.7144237045615,0.6418022522882032,25.563513643662358,6.886573885207659,1.8749098048657493,2.372661962933701,2.562030978465101,3.2518338981775257,normal
AFK1,26.731024141702505,3.0122501194924483,1.3500411691070229,41.377330233648344,5.085839859310191,2.4604627045531706,0.9161835235432678,1.3896501691271272,1.699260281997098,normal
AFL1,11.074538424796328,0.44322943884836813,0.5487617349768,30.018747571067475,1.6868596760366417,1.7204224648031632,2.392862997784642,4.691900011088534,3.744270420608075,normal
AGA1,11.787283004278905,3.220325488754094,1.333874390950917,28.5879356367445,7.926794786499042,3.528707616143982,2.0621015956736177,2.3340214904305694,2.7371509297113117,normal
AGB1,20.297696533779835,6.718007825750575,4.059584882919646,34.039396211014996,11.026226776134138,6.975607124706651,1.1172600079837436,1.2174448079566522,1.407077192173848,normal
AGM1,2.962363960963457,0.22375561642380712,0.26993481132959063,15.922440253149265,1.191101215671265,1.6197141904131456,5.343249715797179,6.799409134394459,6.775711049862407,normal
AGO1,3.5225265212214034,0.5981812004836885,0.33599310340979577,16.596430844420723,2.8515714946379624,1.8085926851942387,4.660941120241809,5.986970694634874,6.374991824901366,normal
AGV1,22.641281501317263,8.737215534271101,2.3544886571690298,34.494744004857345,13.195817876174203,4.174317457795749,0.9078048965285325,1.0555521595429553,1.6432900146963652,normal
AGW1,2.766006235071011,0.07774180513509638,0.18546755836848883,15.750608721240624,0.5975851287247137,1.257121070778816,5.631146781563354,7.969060900362146,8.255031036822505,normal
AGX1,14.64539601673755,3.8772593355094918,0.14455342747587754,30.97810510768424,7.992878526383634,1.0261904903370236,1.7148422629083542,2.024912057958641,1.3378843301905727,normal
AGY1,22.914003651474218,6.249983984738281,1.2754396206443126,36.620587406768024,9.799039939995595,2.7443981580251053,0.9975666244598069,1.0997713763857733,2.0153209609562364,normal
AHA1,8.268970561341257,0.5638971899098265,0.5614198591119767,26.23597850072717,2.180755484175738,1.9708794224042925,2.8973802859921713,4.601127724954843,3.867981284648502,normal
AHD1,8.699899953893082,1.756447174774768,-0.870255308599551,26.185571156450276,5.893123080347908,3.1509335735779236,2.7432515772523542,3.9117602835106817,-4.239557331783945,normal
AHQ1,8.557369995212657,0.4179682633120401,0.162627183510588,26.7976003689554,1.6679517757077809,0.616718072149989,2.8770395663779085,5.175219449260895,3.145918934899538,normal
AHR1,13.838404212398817,2.999141733117743,1.4077404630404242,31.08595134959388,6.863765510684985,3.3963117521543937,1.8452407126914137,2.1937351356281396,2.361507918474433,normal
AHS1,17.042543431010344,3.2164178711055427,0.4424484330276358,34.47686472798636,7.076410317606949,1.663838059826563,1.5553791901340455,1.9983317632390476,2.2589817022356042,normal
AHT1,3.6910920718214535,0.13911322588442593,-0.015158014987711927,18.050846218548198,0.6437001797936248,0.3533857413145792,4.797934269328108,6.047651730359446,2.284699886611005,normal
AIB1,12.728759691903692,1.8695288626666846,-0.07736327510502577,31.154376283514676,4.750413232496849,1.4225250553036446,2.080414507810288,2.685620744147423,-1.1765421941868401,normal
AID1,1.5946436644813222,0.28189773622753506,-0.016175562413763042,10.863958548790235,1.6452447069321927,0.33870883783725714,7.056115343213551,7.56651240951646,-5.396183421512783,normal
AIF1,24.07021352584999,4.242675889653725,-1.5521087494211463,39.66589513172864,7.577016686651989,2.845954777559868,1.0605046048586066,1.50996573832774,-1.7075431244013386,normal
AIH1,4.138761209491941,0.16884764774984193,0.1823998441722892,19.12787019239324,0.890460457036977,0.9254677806328245,4.505476589131585,6.893677057851104,6.1486934682915,normal
AIL1,4.7353019204808735,0.22309107152210453,0.23591423787140733,20.382753481645288,1.174990666641905,1.2763241312739328,4.141110302209106,6.458192363181567,6.689832843000357,normal
AIO1,22.532381647749617,5.7814579475700585,-2.4446649710752566,36.99314956081817,9.5758967788201,4.196543801932721,1.0523104768999376,1.2549865969123977,-1.3835410183084924,normal
AJA1,10.327684663325668,1.0842052980450438,0.3048790068908786,28.70691007480258,3.320156759068389,1.8939383681385946,2.4679692887214046,3.5170681492729234,4.087541981869335,abnormal
AJC1,26.438147941110486,5.539294499971369,2.79831065720426,39.29187755296441,8.482064077051389,4.311457050816336,0.8334566302797923,1.053055706099643,1.1096783620812323,normal
AJE1,10.577491876384963,1.3071828134247576,0.9355666199054404,28.53855997027177,3.701699766301317,2.69765161380308,2.381094339886329,3.0463538942892,3.0927578779158638,normal
AJG1,4.4450465930136245,0.41117308897188115,-0.21918607914699814,19.676309211687762,2.006148341774657,1.040598868638613,4.2856319318428255,6.007626669879997,-5.930258146291218,normal
AJL1,18.03610453253426,3.4827850756449874,0.10715306255586188,35.07533151662685,6.677687090241865,2.053590245158251,1.4626252523079402,1.6739986940334526,-0.16372941151647813,normal
AJN1,8.758235538058809,0.5779414162029047,-0.059717692296352085,27.27084618217545,2.1298603716180096,0.5928744886345938,2.833500909120198,4.514114122624777,-3.835787637215401,normal
AJP1,14.377173386705788,3.2212280021758137,-1.3299235429970915,31.12552989451215,7.238312856987495,3.1021346713003086,1.74094338695905,2.1836757632862613,-2.2174065269119483,abnormal
AJW1,10.656940625428149,1.3749095147915449,0.5451040096599111,28.637571581954017,4.177433746462515,1.7614233513657453,2.377200510781746,3.4851023980181686,4.020586515947344,normal
AJZ1,9.93477038418049,2.2422024842205577,0.9383286768734258,26.55874826271871,5.932838500333977,2.76562981595081,2.3870524668483095,2.8236250634925133,3.33535208240483,normal
AKB1,1.0813651979402725,0.16165623493686546,0.05875430827502388,9.430179519005694,1.1967257711626913,0.5940467592351085,9.033712159669795,9.546617701315306,12.897600250116847,normal
AKJ1,16.32638937388466,4.580186482891557,-2.4875002944718037,33.9152402812078,9.833858922677594,5.368342603378843,1.6114435163847576,1.8591925420574384,-1.838755982237207,normal
AKZ1,26.744878255098342,6.918485634724886,0.06322523215413041,38.56538714122274,9.61537976065625,2.1980243531386376,0.7855954325075463,0.9477850693320405,-0.04142586696889977,normal
ALC1,17.378929922438154,1.2002055131994613,1.4620996392826224,35.997469930855495,3.0625218936904535,3.545751993364484,1.6103873067458543,2.52484662982443,2.6034670090538317,normal
ALF1,21.046438873408263,2.0903732522561,3.321731770019009,37.92263504920247,4.852437739312088,6.923975842468903,1.2682530489234232,2.3764242775055964,1.9572361397353777,normal
ALI1,24.405413901936846,7.992337866288283,3.818175687551448,35.93884639340632,11.660013714378996,6.13469397624003,0.8158348154738596,0.8998077409197923,1.413185324499312,normal
ALU1,7.477331520803301,0.7885472453577489,0.7840356211661484,24.529921563065706,2.8596288158453285,3.1655220438625116,3.0613047053760876,4.401905821825911,4.6860364797254235,normal
AMC1,11.181874093737019,1.6506265584511244,0.7700375619225546,29.210432430350956,4.478597021411064,2.186006414793816,2.261697602594905,2.707576228282842,3.030272331371805,normal
AMF1,32.381973739370245,1.7674711831513383,1.6112904173471645,44.78225054102899,2.936801790581669,2.4324280069071538,0.6687734667603892,1.5697262188619163,1.1901054353669527,normal
AMK1,9.026702406288292,0.4471377531397264,0.7873107160263013,27.38857298064366,1.730044124869943,2.966558192775342,2.749296816836872,4.113192301929363,4.406098495865937,normal
AMT1,13.525203470644657,3.210650999814409,0.8077808689036963,30.481416238430988,7.2272035434478825,1.9459300614916568,1.8654032130644018,2.2663531679654354,2.725928160904381,normal
AMY1,24.082019785974566,4.494098824085331,2.0555097818909305,38.37384505476948,7.26160251811582,3.8882582195575366,0.9998379335128375,1.3306130634896296,1.954034261898606,normal
ANC1,20.02839639449035,4.10928664586801,-2.4847336713246735,37.372537110722035,8.216242698543246,5.012340126122497,1.3429652153614198,1.7293258658351758,-1.7627204466886146,normal
ANP1,3.071927375245616,0.4054039522761605,0.14042806620584825,15.833351759031824,1.9370472480003695,0.7423281117619555,5.208097559848719,6.388235714112606,6.448035291682337,normal
ANS1,15.973799389786684,1.7913624925060663,-0.008780628302428966,34.32435671929874,4.04417650118079,1.3159912452507567,1.7375023281723034,2.5209498606262626,-1.8536345782287964,normal
ANV1,5.0019142352794965,0.7526456497184806,0.7965863839630041,19.859645389579903,2.981269474283553,3.4817223691756274,3.8346701873816222,4.792469321438402,4.767007019696398,normal
AOP1,16.13835379440389,2.010238456050395,-0.37371226298611293,34.9372331985673,5.22283138935591,1.6530251360604495,1.7242718077136772,2.6596936244672125,-2.6681078545409562,normal
AOS1,3.8499866965580845,0.5754509083689839,0.15631179784897725,17.694405286969065,2.8927786443283785,0.7520455843257311,4.504877761999697,5.992397843738971,5.289057441407049,normal
AOV1,3.214760665934553,0.1386559091842512,0.1715862017696921,16.877566872377823,0.8808006370022768,1.1525635196426622,5.175262351753853,8.118824749876321,8.528387488832035,normal
APB1,13.874859500000516,2.7887798469114524,0.6753652998235675,31.331392112916042,6.805684547249312,1.8731712401326714,1.8595941142132786,2.3566071922807934,3.002489006647608,normal
APF1,8.464010918945027,1.9876775007841443,1.2828778493618598,24.894395676683,5.86930450760413,4.0174323329339074,2.6703431230122483,3.0576913567958455,3.2356249592100936,normal
API1,27.937947957882646,3.6876916793558023,0.6262389680581133,41.74387961282415,6.024787975300029,2.28325033518217,0.8418894951563018,1.294966363261705,1.9382654424783594,normal
APT1,6.523266211889902,0.08201916467741172,0.40772011245270984,24.000564582285854,0.8436139212297389,1.9527167137545964,3.442171483250296,6.6134554142568724,5.804214753753245,normal
APV1,13.944112340853144,2.3051091573411324,0.8031756017032713,31.749377156300586,5.570163900502044,2.3246551496645163,1.8745227050868536,2.3538062685963044,3.103730623427976,normal
