Image,mean_r,mean_g,mean_b,std_r,std_g,std_b,skew_r,skew_g,skew_b,label
AAA1,42.714881268828634,39.962581959950384,41.213738259790894,92.11598390388306,88.11830221378543,90.05878013348791,1.7668514998960125,1.7876300882306837,1.7765349578102232,normal
AAB1,50.925730263069454,46.58723501498837,48.38665519574501,98.59570414812222,91.78823156415775,95.08096160204163,1.4777911664446044,1.4978481787181925,1.4901275262529812,abnormal
AAC1,61.30261962077786,45.53124792190347,46.11378880776,104.19127349058397,78.74363269228769,79.78410006998404,1.173572254687775,1.1862640403073346,1.1865472219483173,abnormal
AAD1,52.813478809470794,42.16970324090447,43.90474194576517,100.37096617949231,81.65288812443352,84.81734421383301,1.4244722023228553,1.4667434142641096,1.4543432105188123,abnormal
AAE1,50.00561475339626,45.54909804190294,44.83502646771624,99.1362113057625,91.36192034342986,89.9724722970587,1.5166930723292895,1.5372296572628688,1.5417196008116894,abnormal
AAF1,82.0545871559633,72.44688700697876,59.653489375049006,114.84524238656051,103.16886885194245,85.33065901360229,0.7365209929059277,0.7534059426082749,0.7975324986139518,abnormal
AAG1,29.890212000388992,22.47932023728484,22.611577360692404,77.79042185924169,60.637897391508076,60.88590796682263,2.3662213853059306,2.4119682705501284,2.409294258797945,normal
AAH1,42.426058036945136,38.37273831679074,35.8278320581748,92.02721982268777,84.7967431909233,79.2336239066444,1.777801190476759,1.8013328492265201,1.812687959584675,abnormal
AAI1,55.617491883116884,48.611781584643424,51.636028992936886,100.93932161414813,90.48777137636773,95.80252054868652,1.3497145542255813,1.3701458084864768,1.3622251968149715,abnormal
AAK1,7.569561411750743,6.554142332247041,6.489221974413625,39.91668852125094,36.32857590930929,35.89089895195918,5.600916112349193,5.680442448805634,5.6835755834439246,normal
AAL1,51.32092564528157,45.07215607033749,47.241524139424115,97.71098559055481,88.10892770399438,91.97841676259428,1.4730798037175232,1.495197296812731,1.4858167423810025,abnormal
AAM1,44.331357806561506,36.68228762822387,42.80070801184681,93.15655518449131,79.09283824432897,90.70823067370671,1.7037214648199903,1.7492495238783736,1.713005546687978,abnormal
AAN1,82.0255316137412,78.11720896541388,80.83797645413219,116.30202553145047,112.0673757626595,115.34667270168808,0.7522710369414648,0.7609874714973243,0.7550939173651606,abnormal
AAO1,55.55718549868688,44.69356670612006,52.959410829358106,102.35440733295154,83.81278891133927,98.09662333358914,1.3469455080909292,1.3886223687559485,1.3552302826767597,abnormal
AAQ1,11.323740851179181,10.164167344357098,11.147606397397668,50.52280398620431,46.48078835510486,49.98622522471475,4.416704310522802,4.469175818673445,4.424721807325178,abnormal
AAR1,39.529356474884025,33.47851812066583,30.718732268082764,88.79955633943243,77.27472842751676,71.09964928205864,1.8992648998550214,1.9450890190019217,1.9905199244857048,abnormal
AAS1,12.071897796973106,10.818192816269251,10.58563495808079,51.31927621167346,47.64955837279822,46.590583875205816,4.28511419302547,4.3452867525596295,4.358630566496549,normal
AAT1,13.462393483709274,12.180112781954888,12.279855889724312,54.73527641518013,50.84967664128869,51.297467243454314,3.99880542961352,4.046016169247444,4.033512727071774,normal
AAU1,58.3033056919531,54.53626991682533,56.266970012025254,104.78838007982962,99.27230759871175,102.10872968647269,1.277116481471348,1.2947919869279882,1.288130221033381,abnormal
AAV1,55.86312756727982,51.840312497751945,54.14776381385378,101.95665900516309,96.46420613867973,99.94588365712305,1.3427937426398302,1.3609434639614426,1.3506709924497593,abnormal
AAW1,29.99453466420518,26.80791013486029,29.6615802886337,77.61347778083142,70.37290349525382,76.92917545452615,2.2628399916761794,2.2925360670756985,2.26607073944307,normal
AAX1,53.66203999573947,46.21226766789157,45.44507242903552,100.83063936232456,88.85361014617858,87.36518253731441,1.4131025474630665,1.4389653799960127,1.4419272706760937,normal
AAY1,93.40021883347956,72.53331296144785,90.01198655455558,120.02523723806941,94.6829138325506,116.31624118248264,0.5439077855937376,0.5701926118830711,0.5505030960231218,normal
AAZ1,22.895029600206975,18.975406717496842,19.4709400538739,69.97585497741073,59.72640654458609,61.1500753597911,2.869862403943014,2.921422635940473,2.9057265741646416,abnormal
ABA1,52.783308866380935,46.47943300604174,52.44120923301637,97.23946932973453,87.45004401366613,96.87317753374056,1.357245052009607,1.393698648729038,1.3591239412237095,abnormal
ABB1,71.08000541125541,62.69470470006184,61.0674203772418,111.9648800872117,100.1575003101261,97.53065085560077,0.9781689739224723,0.9989876950180132,0.9980355151852447,abnormal
ABC1,83.416420722135,71.32830280830281,82.86198151055294,117.97335081367777,101.7850583459672,117.36644697949207,0.7288906292603888,0.7442349982133797,0.7301426737547505,abnormal
ABD1,32.68634737666,23.797316178610934,24.27723441552981,80.69381601503551,61.0510553060651,62.24508666346207,2.2080240099727253,2.2721380331576495,2.277981286252572,normal
ABE1,36.89656113014682,32.27679408893398,32.400987729943914,85.72427672617381,77.25384293424649,77.60834576378899,2.020578548560617,2.050319295171393,2.0449350502399346,normal
ABF1,45.95899636450325,45.395032481077536,45.54597512763971,91.32955853654832,90.79210998643123,90.93914930553389,1.531328484798044,1.537855401557465,1.5359683173143306,abnormal
ABH1,18.74181987883911,16.553267645815723,16.596514863341785,64.26836871224585,58.12990699506585,58.25162318296174,3.2631383086100385,3.3021460168646053,3.301612649509914,abnormal
ABI1,71.00774262120841,62.59093696345352,62.833460060502006,110.59699803664576,99.47294493173708,99.89643812371607,0.9767662362638184,0.9972397590107073,0.9973620146339267,abnormal
ABJ1,51.549090756788864,47.592862364641555,49.93092340730136,94.61227131799112,89.0284098118133,92.6817146065415,1.35861609308019,1.372973521913003,1.363127422670325,abnormal
ABK1,47.44866841208845,38.318504286136566,37.893803752656844,95.50354762007291,79.32816932416736,78.43866649012467,1.604993591236316,1.6396230223452606,1.6399340662722286,abnormal
ABL1,56.03314900340301,46.720679387457466,48.71279092732134,98.17957047004342,83.42650514448353,86.86493512436864,1.2470797188012248,1.264207405049484,1.260689423861743,abnormal
ABM1,64.22025210581634,61.52988852866723,62.07942147414546,107.11218952009726,104.40047321489732,105.17040355402217,1.1379951265986634,1.1465635753809034,1.1448805542491542,abnormal
ABN1,72.01577843583766,58.760965247837554,58.32425900756969,106.85140262199494,90.05666426778016,89.34370221343246,0.9037589523360592,0.9180172416845034,0.9175501959963963,abnormal
ABO1,73.67249195671249,68.62965688066686,71.39222451740275,111.73345567510681,105.08393201065851,108.98662323756129,0.890595296579434,0.9008291047947828,0.8967855301667018,abnormal
ABP1,34.29600915835845,29.79381013795502,32.87004043009506,83.4372741654577,74.32432181232656,80.89294275076254,2.123879713723906,2.1633600969885207,2.136626297238934,abnormal
ABQ1,42.99536591437106,37.12804098904746,38.66959010952539,92.55402396657372,81.6403054618249,84.8178496634873,1.7577710088235052,1.788289095406487,1.775676541058208,abnormal
ABR1,46.8695377949625,39.94467067948208,38.23222226792627,96.34297278261734,83.4341043512152,79.92465089414038,1.6198693486518305,1.6503973106492065,1.660679966948934,abnormal
ABS1,52.13698096548859,41.80176582097691,45.47716118310005,100.02603369677252,81.42941307454552,88.43858937746793,1.452407014909877,1.4719917491736627,1.4654130399595442,abnormal
ABT1,22.440846681922196,19.38504958047292,21.85217044587754,69.6163555441126,61.489343120838306,68.14596470330395,2.88320931060783,2.92556801983938,2.8887833734578527,normal
ABU1,38.93418730403109,34.87576744710013,34.02113178498338,88.57478356965724,81.15989365722035,79.16307119160399,1.920144953615578,1.94526547013542,1.9453724181666063,abnormal
ABV1,32.49741668218209,26.412485260348788,29.105163532551355,79.31059009373156,66.48763450215132,72.40435513609145,2.156219301074742,2.1892050220981316,2.1733730823302526,abnormal
ABW1,53.50467200980582,48.51639843072262,47.89653818100208,100.62471063874179,92.81203745519093,91.68427994785947,1.4046313514332007,1.4271396662535614,1.4305897512108308,abnormal
ABX1,42.33042480326436,33.53567199795978,35.02644090644127,92.05212591378067,74.44613504293307,77.70848906304313,1.794341427335409,1.8228062324841556,1.813462517679241,abnormal
ABY1,79.61629328205817,67.00851853508027,68.08992904947159,114.7931036521541,98.31358939684372,99.86149000445911,0.7952163733309157,0.8275693191060352,0.8190922855818864,abnormal
ABZ1,26.742778318727687,22.207439776442556,22.507457192390813,74.21921977605732,63.98145794109936,64.759726933103,2.5862222268093924,2.640015969142143,2.6265496134726094,abnormal
ACA1,12.488228416065512,11.767570388771782,11.683799759672766,52.96164756701566,50.88168530624233,50.553763367207985,4.165800567769529,4.1937662633535275,4.193232914174525,abnormal
ACB1,12.129825977254596,11.360169570137845,11.305754995269105,52.33086586415091,50.074479665926525,49.852927423925756,4.258919570083647,4.2895840216659025,4.283811233090813,normal
ACC1,38.239340496933586,31.60120585701981,31.67338783694102,88.00682456798317,74.03527536916667,74.17650270358386,1.9355771294128994,1.9636768151292747,1.9628586753508388,abnormal
ACD1,35.85717228147396,32.2854833248688,33.16213814118842,86.30352202935886,79.05934904406021,81.11634237510471,2.064018278446382,2.0809448418256786,2.0769792668763247,normal
ACE1,34.94085173154941,27.45363122107308,26.590186055302336,81.64538517663327,65.67287666780346,63.596684921864956,2.0156172017705902,2.0551986793912222,2.0645063908953105,abnormal
ACF1,70.13880340868742,64.33045753512673,69.38980521786179,111.28293872747138,103.47370632812272,110.51545530881553,0.9943461460728024,1.0169133821372984,0.9977821000685605,abnormal
ACG1,60.52007384036244,49.59684308319709,57.32107285703082,104.63617087953668,87.7489958468781,99.84842115748378,1.213769224549458,1.2453313866915574,1.2199539571474083,normal
ACH1,8.131799768518519,7.266832295657727,7.538304198595147,41.180677083068126,38.662346804401594,39.58264051498214,5.339240607346239,5.384058611630739,5.370332453725054,normal
ACI1,39.29299118637354,29.657902554961378,31.02658323430382,88.2012606686348,68.60257837784773,71.6162468604396,1.9023467112985137,1.953349345969521,1.9353618316573196,normal
ACJ1,20.704395345758375,18.872765919889382,18.872265780144453,66.66529899831816,62.46113950405235,62.54356782411632,3.0680162992331907,3.0999433420992193,3.095187870231689,normal
ACK1,13.258195032956685,12.269053083804144,12.037375431575644,54.19493783653771,51.33110680178406,50.43153827690671,4.026015975297472,4.065150590141145,4.0742796942291415,normal
ACL1,58.450044331946174,52.302712114061805,51.91652366038869,104.88557009480057,95.17140109097883,94.44248881025818,1.2824673605520247,1.3012837536679422,1.2989986386385923,abnormal
ACM1,35.3944151370622,31.723954569542805,35.093908079202194,80.26950822897341,73.31299161846158,79.70097419932132,1.9115138897964483,1.9244251575350584,1.9111974105329697,abnormal
ACN1,24.894227616891733,20.07847943173835,22.273831082663335,71.25025429615933,59.6122851529643,65.39544901536973,2.6765235885829024,2.7483513936494868,2.7099107517118193,normal
ACO1,46.622173296847286,37.799967019939565,38.133515763577535,94.95155709543235,78.64808297314715,79.28872405837681,1.619470616856851,1.6421245046901183,1.638348832600734,abnormal
ACP1,60.47611768573307,46.79829881656805,51.49849605522682,97.65366860708666,80.12021040362063,86.81708459677043,1.1611964154995873,1.1724577193752803,1.167910134709393,abnormal
ACQ1,58.30136693305334,45.760318108460204,45.289949250422914,103.1776214583998,82.99524790825282,82.17603923284149,1.2793318034614318,1.3049751714817217,1.3129919659910325,abnormal
ACR1,67.27663778689771,57.70176050356303,58.54711515249055,109.32958556244692,95.55057412462999,96.78767287465978,1.062696416433531,1.0818283054620106,1.078009503108117,normal
ACS1,87.47073142900612,69.80642805522803,83.74861359400555,118.44187975442829,95.95820562592243,114.12100744952346,0.6474640470237571,0.6829923251352072,0.6576351925125963,abnormal
ACT1,63.94783388874647,60.29323459709441,62.86376857843881,104.2961900819372,99.45214639146684,103.19421538787941,1.070568806841877,1.0777936607575402,1.0789222781059502,abnormal
ACU1,66.90064854299929,62.83387526652452,63.86143390191898,109.73713600586247,104.41974617986443,105.91024388599449,1.070702684078698,1.0858817522956488,1.0863586291667995,abnormal
ACV1,15.319488665611713,13.347481458885436,13.450482354959867,56.08713616099938,50.88662273648921,51.25322789656741,3.68321319779302,3.7209840524837663,3.720581265041747,normal
ACW1,67.0020848391871,60.86918125808244,60.68080325313586,108.67566139681801,100.7748954047096,100.51464383183351,1.0743080046438571,1.0890361335136551,1.0886511803801535,abnormal
ACX1,58.78827347314835,46.96709125158228,51.62955307858238,101.7635614040111,84.49238167275655,92.16541962762572,1.2589521427002976,1.2986802174795669,1.278622298461106,abnormal
ACY1,43.760139568173685,38.94877387910908,39.00624989349193,92.94615538615763,84.58717067713967,84.6096807020536,1.734732268559012,1.7577011981362531,1.7598144054573663,normal
ACZ1,47.54131743239515,42.182990135209714,43.355235927152314,95.39910881651713,86.64648814994833,88.95276437903891,1.6005137570202168,1.6170181246723758,1.610659158602747,abnormal
ADA1,59.54895188769252,54.37125528145018,59.25055472263868,98.30445229595443,91.25001679999612,97.86887573676161,1.098666202996813,1.1142226746747967,1.0983890183965028,abnormal
ADB1,62.514145927110015,52.376127828349375,57.414308454783196,106.60735950842312,90.93930037187553,99.51219479798453,1.1677360748024206,1.1955546306310416,1.191947922781743,abnormal
ADC1,87.38806996855345,79.76118794072804,64.38927601486564,116.10001237846221,108.33803819261504,88.11764054084391,0.6361095264675266,0.6526728429899666,0.6956721340878925,abnormal
ADD1,50.120468108316224,46.71061264758727,47.21376491914784,96.13756144049216,92.68536415228475,93.15868271857107,1.5167445714018424,1.5340048370987143,1.5311468339563612,abnormal
ADE1,61.8764963605468,55.934876613659995,50.583415759973626,106.09112860535878,97.74663836448858,88.63274090763271,1.1934759602733855,1.2128759181478803,1.2370170239891682,abnormal
ADF1,59.93160364354165,52.215337281238625,54.74052447591006,105.46020196315165,93.39005141218335,97.80172782929196,1.2331115723915271,1.2630483155599772,1.2547400920263434,abnormal
ADH1,64.67910827485318,62.36815994233256,61.2708143405347,108.25150951021783,105.75570754341327,103.98774915297328,1.1243649744960889,1.1361397172217942,1.1422760311735438,abnormal
ADI1,21.947889420521,19.950723019670388,20.170919723551304,68.4538575817378,63.71208948777953,64.43608139459725,2.943364634754297,2.976054746189388,2.966658881320189,normal
ADJ1,78.23488853643492,70.66177636796193,72.770349810556,114.01837698165461,104.49513162831846,107.45811293714857,0.8161239433803666,0.8279478700294987,0.8261414491849715,abnormal
ADK1,40.50353765444881,28.39391063252111,28.36640896435885,90.11188474887122,64.79486813100218,64.80094151779629,1.8600204677237209,1.898514860359936,1.9118240498237888,normal
ADL1,31.461426033128905,28.64628384740725,28.59248827059912,78.65732130925686,74.66133116279494,74.51131363225399,2.280334165448783,2.3030521942642666,2.3029809219915367,normal
ADM1,38.401543207707604,34.22791125852945,38.277408451100136,88.5890628555133,80.43700386075231,88.40776902647175,1.9403087443237272,1.9698429066228862,1.9413621534320413,abnormal
ADN1,73.90773844641102,63.77243526712553,73.35525073746312,112.23223359351567,98.70093564608514,111.77835748052183,0.9159294539375323,0.942355400051794,0.9182402369763442,abnormal
ADO1,47.58344478535651,42.548125420676755,43.44261750539778,96.2227562026341,87.78235669146771,89.57480415500186,1.5937732817593637,1.6229801169442972,1.6134014258859954,abnormal
ADP1,35.006531511147315,29.36946329984614,32.69536911334359,81.11796420268722,69.02248219211377,76.20958555837277,1.932496994291983,1.9642652574767685,1.939664757790886,normal
ADQ1,25.652168157786136,19.616587633441565,21.368991722924306,69.3393349868761,55.287651463920916,60.00684737336144,2.5183809167266964,2.5867658916729126,2.553604568647778,abnormal
ADR1,55.79670123059964,52.86868796134609,53.80050274811598,102.97045476991751,98.76882793683252,100.34615513588804,1.35077336986224,1.3603339645335208,1.3579033430285283,abnormal
ADS1,81.49459013036653,70.59313903487816,81.33427615862398,116.18403912819093,102.1778122188527,116.04994212071216,0.7612414320379725,0.7870093999663171,0.7619305072631684,abnormal
ADT1,22.827009111731087,19.52268656929411,19.18798207621888,70.46075515783919,61.63622922494793,60.5787065280252,2.8644948279917246,2.9027978493525057,2.904171242463053,abnormal
ADU1,71.00478883912879,58.97606949979685,60.320957220008125,109.4171424865297,93.4688171855213,95.52102384511751,0.9748789057754788,0.9942846945582631,0.9926751283628661,normal
ADV1,69.85268530489118,60.283283505709974,61.63867566257272,109.86350647510905,96.8216899310478,98.95938906006658,0.992966843028429,1.025464048807881,1.0191728805187823,normal
ADW1,15.956432668669763,15.16782299918055,14.975814570570101,59.91269843631033,57.91589169024407,57.244474795715696,3.607252091650212,3.6321472278607527,3.6358027315090617,normal
ADX1,62.15265254167693,59.06558265582656,57.65622485012729,106.99615588752847,102.8834907326114,100.48961413355715,1.1782891450563944,1.189432217481721,1.1983339027208757,abnormal
ADY1,55.897689142133586,50.17011712567268,44.83615463754353,103.37780276186813,94.06800044730102,84.5805266600306,1.34440002114897,1.3751250889853839,1.4198178891840376,abnormal
AEA1,74.37826410658307,55.39811128526646,53.620638714733545,110.87075014086712,85.35297824984949,82.57201008284723,0.8998711456179765,0.9352478588338025,0.9404783124988758,normal
AEB1,73.68109876522948,61.310539042710914,61.76868705104849,110.13947779208156,94.16722469479087,94.84959026657822,0.9040890617824832,0.9263552264523688,0.9210432675709259,abnormal
AEC1,53.75335076179232,41.29670827008489,50.13904818125597,99.97870079091747,78.30536794624699,93.98175649713104,1.3742205861172798,1.42115832688011,1.3855516449391354,abnormal
AED1,31.25027897893709,27.01001611878303,28.813932673083183,80.53609897464577,71.32120696080047,75.65449353792762,2.29167145916124,2.3244741462182317,2.3064009917993338,abnormal
AEE1,35.52454116658105,29.739823160385434,28.73475614502094,80.77002129268028,69.58570349454004,67.20920637807276,1.9484767298148635,1.980254914476248,1.9867274171531406,abnormal
AEF1,41.475244299674266,36.344098030091516,41.026399875911274,90.97118290408534,81.38554647069591,90.30224055758208,1.806438686316961,1.8378553410480205,1.8092988373878385,abnormal
AEG1,11.780373111833072,10.319308704826339,9.91509528753726,51.56295699726328,46.26224253665837,44.497401890966444,4.330712609990256,4.38222642587589,4.403858906582492,normal
AEH1,61.04715821812596,55.79692780337942,57.414709305031884,106.4256662751869,98.55773421582714,101.26270820853145,1.2064663227647279,1.2238993627085613,1.2184840800730579,abnormal
AEI1,29.24803929366847,26.963963569837734,27.607870664969774,78.36695565630825,73.26085129494913,74.87912006026022,2.3863114211375307,2.409550059555859,2.402086610413465,normal
AEJ1,20.07155172413793,18.24121921182266,19.68613300492611,65.70977866127433,60.98453196701619,64.73148740170292,3.0943115688384863,3.1184801496256793,3.0999660518542607,abnormal
AEL1,39.15542050638337,33.02511506393575,37.73883803284042,88.58591670873436,76.49168822085284,86.11865528626174,1.907401527670003,1.933172144629757,1.9149529372443652,abnormal
AEM1,76.88034299482673,69.90136205796897,72.99138544397988,114.69369219956785,105.62582408624543,110.06297668089657,0.8531761448715347,0.8745853107370751,0.8663575519170779,abnormal
AEN1,76.70443728837638,65.73004522529776,65.11874600430943,114.79950276620768,99.5466005290707,98.64740983057399,0.8554465626417953,0.8801771785678937,0.8816052270523517,abnormal
AEO1,40.504998187186,36.20013937479106,39.520503632690925,90.75070169352942,82.14577221462662,88.8046573720084,1.8448222816342879,1.8642851449538722,1.8485228617034557,abnormal
AEP1,40.92904520372331,38.35121469578858,39.53485631474595,91.2076564610364,86.18338727934018,88.64730604944049,1.8186711087270246,1.8302806772854197,1.8251601656215157,normal
AEQ1,46.18670634920635,43.37891936968024,44.835616517138256,95.62966806821115,91.20638495961435,93.70186157483009,1.6420638133529672,1.6602442082375362,1.6493048369831704,abnormal
AER1,31.084387808597846,25.118208464398055,29.037025784005337,79.31315621134337,66.5703734786077,75.30364781821953,2.3022867087660948,2.375136514960834,2.319326550301387,abnormal
AES1,43.11149201970704,38.82412521799097,38.54540179962734,88.35907433591726,81.16241582781717,80.70616621647531,1.6405810152826434,1.655122722506786,1.6554207430655223,abnormal
AET1,75.86353537894031,62.708854316374435,72.08525558110568,113.33328200141527,95.47192382520498,108.53767793148015,0.8666464867521241,0.908037280529309,0.8776225300494074,abnormal
AEU1,53.47065435568045,51.3673825772782,52.7881000172048,96.81966717409406,93.99085193614623,96.36314046524933,1.3096223969286227,1.3212325219701726,1.3198559592626258,abnormal
AEV1,58.25334266169154,46.146536340038935,43.5430321219987,103.42089502188114,84.05892725526604,79.22307317973869,1.2830130741002448,1.3236960930074095,1.3240534095795646,normal
AEW1,54.10952774968588,47.47234735885099,47.849815615008225,101.18303057345437,90.48110047076905,91.1605538895365,1.3905192986741919,1.416528986634622,1.4121974249187619,normal
AEX1,67.82891356088062,64.01064261372856,62.84591875371883,109.7723534101937,105.17716462249832,103.32863034358499,1.0482947869611028,1.0635865765941919,1.0729413285605693,abnormal
AEY1,54.69843284604678,47.14582537015268,47.510284222444994,101.51952539118723,89.12080706979319,89.8695287129766,1.3778670523843743,1.394992385105539,1.394327354900006,abnormal
AFA1,50.01865153835645,43.64192497681141,48.2146185206756,98.57067562333134,87.43043140584896,95.74576242591895,1.515910025643905,1.5434656725210132,1.524182157584492,abnormal
AFB1,71.16681816804532,64.05687361754993,67.470718571039,112.50526695109158,102.2984771818467,107.50253856280546,0.9741055701852346,0.9931080080792797,0.9835987552488994,abnormal
AFC1,39.64381501441284,31.41493921544053,30.788841542382087,87.87130899890838,72.21160894526233,70.77039643786159,1.8878981524424474,1.9351874428412408,1.9372970719483615,normal
AFE1,42.9139394459707,37.31493246336996,41.04868360805861,94.00889571107824,82.55974124010599,90.31021022602764,1.7619901845345176,1.7905016959338143,1.7693201425661007,normal
AFH1,74.05794657553854,61.35321691834252,71.00676527946754,112.8575061810943,94.9521069854489,108.78933339794565,0.9090489310574902,0.934672401013949,0.914104605483784,normal
AFI1,34.61735541489639,25.580726610595683,30.74086881123732,78.73676458380027,59.709436627121086,70.72373685618462,1.922440467455924,1.9874151776736049,1.9432052962956918,normal
AFJ1,29.370029239766083,21.997813109161793,22.724439571150096,75.87536071701251,59.093091980599944,60.989134818939036,2.3605464923284214,2.3906037376835902,2.3857353988245213,normal
AFK1,74.35646359508911,65.3682307369867,64.93658369064032,114.03065682538758,101.38307176068353,100.68587770401915,0.9082668507754432,0.9255169462147589,0.9240473779260283,normal
AFL1,29.520403519417474,27.789047330097087,27.071996359223302,78.52663514079921,75.28568178518019,73.42681287711764,2.382304520536522,2.4027185501692228,2.405771287355479,normal
AGA1,36.22921555354994,27.18328444645006,27.058792117930203,86.01120021815575,66.2896833531129,65.88876480692971,2.04091247347639,2.0983403919770542,2.0925119137531287,normal
AGB1,64.84616155660378,45.57623820754717,43.13905660377358,106.55092798621652,76.86974434557837,72.83506594157636,1.1070533291436315,1.1361982542384097,1.146521733996479,normal
AGM1,8.218838964286252,7.361927427736522,7.021697871635361,42.72177214785187,39.512204909741364,37.60993420556506,5.315822144361756,5.361224901494087,5.384974477125325,normal
AGO1,10.257123733027347,8.44165551093262,8.246759524871974,46.65369408574746,39.897370930815406,38.97944206727959,4.610716168152733,4.71953225184419,4.744444662112774,normal
AGV1,72.8286432817297,49.87955451041871,51.99359200470312,108.455723860672,76.65648068152038,79.79135092211644,0.8987369708263104,0.9391957756958091,0.9310502432472318,normal
AGW1,7.373739470034998,6.975440301112191,6.688048902430972,41.052081497817944,39.65422297302763,38.003497633016856,5.614981601561286,5.641004517196729,5.6623028616791276,normal
AGX1,44.10861926160895,34.08729579698652,36.51283813551855,89.73333526917743,72.47435690920211,77.24691869647431,1.7006575824438739,1.7405221684721734,1.722493123375144,normal
AGY1,69.53568478382617,52.87950478830645,54.94220780129928,109.24070035310545,84.85313081305218,88.09673460459813,0.9913327729460301,1.0090038609916463,1.0085261095378735,normal
AHA1,22.510767879810118,20.517136448208106,19.867694621711383,70.38197082450517,65.18229617957599,63.14685572990268,2.882799340653922,2.9117529259854606,2.9167672701231453,normal
AHD1,24.61842979541878,20.836451594101533,23.664958908900157,72.36099174670244,63.0783943717654,70.27510810450485,2.7155027565763272,2.787586662956992,2.7282942920522144,normal
AHQ1,22.79719966973992,21.480602953992936,21.451068758313838,69.91223910380423,67.14653858561068,67.14513833801361,2.8667810019055784,2.885960664561737,2.8810890440796473,normal
AHR1,41.2880298972171,32.59495641484632,32.13504892394245,90.82988880735631,73.50741424014369,72.42670383031059,1.8284040777419224,1.8702462098659156,1.8698701264012962,normal
AHS1,49.164337952409376,40.62859104997088,42.041079094785744,98.24017853381248,82.52009923951233,85.25822502884571,1.5394273667000695,1.5803789605483662,1.5676239392791542,normal
AHT1,9.69524087669651,9.305363371165964,9.438049487899937,46.35416000500404,45.41986758679696,45.71048369871299,4.791784292286693,4.80712979358613,4.801325083965401,normal
AIB1,35.77745238950772,30.926410348544735,32.34500179662235,85.74275616871034,75.84061664840938,78.99784222703255,2.0691263510565205,2.093855946673952,2.083466243140174,normal
AID1,4.592184360553441,3.8402159530849276,4.062895110835226,29.36443953834473,26.121735092167597,27.297661691027557,7.004128347042798,7.105141594211724,7.069109495512422,normal
AIF1,67.55189067535379,57.96306658960347,63.71765097379851,110.18036320626065,95.77418531873285,104.4511124546353,1.051804647607432,1.0756637027992926,1.0562109964862882,normal
AIH1,11.081499066991022,10.42011782291392,10.19374346649472,49.88272363811957,48.070462927182,47.082459295393875,4.49137333204627,4.513194201206084,4.516101204975521,normal
AIL1,12.693931967527082,11.86277105700611,11.578510306767175,53.57386867073144,51.060541288430606,49.89257602933651,4.124722940730558,4.153612562257457,4.167700958094954,normal
AIO1,65.19640187120186,52.65009836925633,61.03862195601801,105.98570357092979,86.61727609130982,99.68922940683332,1.0478948862377282,1.0629954194718125,1.0523105134959971,normal
AJA1,28.546456384139322,25.399709411936232,25.576153679860436,77.70251982544121,70.70598833233146,71.11020503307333,2.4530895879912333,2.482844439036542,2.484013513168927,abnormal
AJC1,78.46033775252525,62.31789772727273,61.10680765993266,115.26369943362472,92.91867480707892,91.0836949540589,0.8235460583332229,0.8488991186376411,0.8483963247505837,normal
AJE1,29.97103390426712,25.76741212760776,24.947087155342697,79.04264557204148,69.63164137832754,67.48217759377587,2.3649202020994067,2.3976302590114518,2.4034988161215027,normal
AJG1,11.947411382526349,11.040758246788702,11.749179595506114,51.821133353034405,48.88328763256929,51.14968838042082,4.269563164546664,4.302287525554204,4.276849602928255,normal
AJL1,52.113116439613705,43.044913340432565,45.22647156023942,99.40421670968557,83.87572694095533,88.09296185018621,1.4546006607235304,1.4714517433591838,1.4745317005689074,normal
AJN1,23.394581743425917,21.87573949182122,22.377691750229243,71.64186068864814,68.1552740956567,69.50878977189046,2.8232329568600956,2.842922673573197,2.8334956969559255,normal
AJP1,40.95698380566802,33.897334863279134,38.51830251791552,87.01958571878224,73.65930350728614,82.63019262993552,1.729173073273892,1.761717084523227,1.7368258897037576,abnormal
AJW1,30.009987304274226,25.95924672027084,25.899021958903464,78.65955682223476,69.93041708110549,69.77335921109533,2.35594672160169,2.4029292971387863,2.398146199731995,normal
AJZ1,29.827872513944044,23.36471716439013,23.228452815651753,76.85732518233459,62.771594938417486,62.32131928997757,2.358697940171069,2.4250806252303585,2.4261381836615947,normal
AKB1,3.1383633351431874,2.640980662406549,2.640959779476256,25.711230765749903,23.034828635374446,23.03270061786201,8.94595838348384,9.08479606132346,9.080716229146196,normal
AKJ1,47.522622068706234,38.059465905352695,45.7522674937732,98.09063939935558,79.30431197690969,94.79144468879011,1.6005399883132718,1.6316157743738442,1.6096686996494138,normal
AKZ1,79.84873776123007,62.25892836278947,66.91922606575638,111.95688394295638,90.32647326221577,96.90375573089067,0.7743720250751419,0.8010457346417864,0.7990188450676713,normal
ALC1,47.49231537750802,43.063388745746416,41.192476131096804,97.21806847632338,89.33239052740795,85.49721900792055,1.600898052749985,1.6199884695277396,1.6277700392551757,normal
ALF1,59.38316313823163,51.405454545454546,46.7698505603985,105.95083602040789,92.90925713157928,84.75021983841268,1.2534193402549236,1.2865277795954912,1.310103007561154,normal
ALI1,77.14133689046984,54.837201719282646,53.72209871053802,112.23857885057244,80.96996549680188,79.36747221368537,0.8114442888895499,0.8263207518694166,0.8312430134908394,normal
ALU1,21.070681656668917,18.347943730109336,17.46202841744243,67.20175577503969,60.279148254204465,57.468434849909066,3.0349140495162046,3.0881588935958946,3.1295381425404205,normal
AMC1,31.892523022463536,27.002182476312147,26.724315979985096,82.23368795495492,70.6339879063355,69.96712685224753,2.2518953897117564,2.274665449482122,2.2768355983137267,normal
AMF1,86.89251853937859,80.77571458744016,78.9912935323383,119.53548179291901,111.76871819601052,109.32337788449864,0.6650656332242341,0.6726808082195427,0.6732128347895389,normal
AMK1,24.446448426274376,22.541506300604404,21.395027939331737,72.84776574474404,68.4265638225465,65.07716806548372,2.7371131461701452,2.7590435289604303,2.7822997988997855,normal
AMT1,40.54916056806199,31.70613022464555,32.46787893992074,88.85878298338092,71.69328299686553,73.35438036496303,1.8531087078682522,1.88582970675794,1.8761235629218298,normal
AMY1,70.47333870967742,57.336462365591395,56.69360752688172,109.89178767702805,91.6875906963434,90.7018183360117,0.9885233323003,1.0147011468141456,1.0174816842219394,normal
ANC1,56.25573665490788,47.907961200852064,55.261452687457236,104.27233343363324,89.64045174887009,102.63031273693845,1.3353515731064243,1.3576728569781873,1.3373172704938805,normal
ANP1,8.795092728608152,7.550977781858244,7.562256702166728,42.94749688599043,38.79028913145902,38.90256041830319,5.1669883566694255,5.236345153111714,5.227289599840634,normal
ANS1,44.11894103371376,39.29595057720058,40.526695526695526,91.97777278111009,84.56890955546343,86.88945412018043,1.7250123311568524,1.7495729791608565,1.7406095443738243,normal
ANV1,14.64526425724078,12.058926496329965,11.136170071929747,56.16860198050928,48.007790292343124,44.272919910621646,3.8005296266096154,3.869034723430339,3.9139118873965413,normal
AOP1,44.336539937780294,39.481144196194094,41.526366611450044,95.15654386653513,85.7112430027917,89.97780550974836,1.708886475016001,1.7441777409508143,1.7286143101283213,normal
AOS1,10.957066993464052,9.323951525054467,9.430909586056645,48.94893570384431,42.91459032182441,43.35132065016969,4.464826180713445,4.55375826875538,4.529111924583698,normal
AOV1,8.62863196125908,8.079898630335007,7.858818799465144,44.20086461131913,42.339093615956436,41.17956782374691,5.156459949319432,5.187888079481366,5.205861327110878,normal
APB1,40.480161327680484,32.87892871169475,33.58753184761483,89.64053360101913,74.69032598891717,76.15127061438265,1.834118963853985,1.8983236067884766,1.8826161215606432,normal
APF1,25.730027753333786,19.774378934542746,18.86037365464022,73.66000403007544,58.52043961037557,55.79607534111178,2.6403516066055692,2.7125872541136404,2.7335980365843846,normal
API1,78.05279452501222,67.99198430704052,69.3575099334428,115.51706870263057,101.79128766017344,103.8121079943066,0.8326771159044203,0.8536036534800814,0.8543796467253141,normal
APT1,17.081278560361167,16.48177642497031,15.78634293669333,62.25643416599655,60.646162718672954,58.23776961252834,3.4321220280816376,3.450982477163119,3.4752475870649904,normal
APV1,40.0440469765888,33.47417315550073,33.587059594479996,89.6946015122914,76.3915110520178,76.68232887997219,1.8622226455986328,1.8931110178756818,1.890076790805858,normal
