Image,mean_y,mean_u,mean_v,std_y,std_u,std_v,skew_y,skew_u,skew_v,label
AAA1,40.9281512714868,0.14091614832536012,9.810296096934255,89.49863012868497,1.1607855122268709,20.503002112431915,1.778282685846665,1.3643428999829408,1.7765442807007743,normal
AAB1,48.089578994770875,0.14678839734197377,12.165563598643207,94.15105918517285,1.0821258437136911,23.15035678346541,1.4880981268302926,1.3439074127966284,1.506639759095647,abnormal
AAC1,50.313297720854564,-2.0644038135010874,18.863897267774096,86.39977531669358,3.6223367997766482,31.7304139573285,1.178230239348213,-1.5547903224191084,1.1883377989766644,abnormal
AAD1,45.54998654825993,-0.8081581332599828,15.153366493335252,87.48567672063754,2.0518417249928222,28.66855697700415,1.4415544420216793,-2.402167323032449,1.4808334023437637,abnormal
AAE1,46.80019237918214,-0.966443162934917,11.77917022853031,93.47197689996953,2.447885900494659,23.164161129910422,1.5276358342738747,-2.9911036581629977,1.5517744124197987,abnormal
AAF1,73.86114202148514,-6.990253289422096,19.118773229828275,104.51670637103724,10.480081164711024,26.26537812305257,0.7461055828127845,-1.0250294323287323,0.754608115846254,abnormal
AAG1,24.710254186521443,-1.0317369833706111,9.066788194106778,65.68486395371265,2.9507305999506106,23.085058756706932,2.384686948134574,-3.2748213109575492,2.4150814504787297,normal
AAH1,39.29456159963468,-1.7054171276192436,9.912848665391508,86.26501701691953,3.9868627832991814,21.08471719792972,1.7910016283595043,-2.3199233436755775,1.8048363099795737,abnormal
AAI1,51.05125316843244,0.28873245614035237,14.333292891319205,94.15409719223304,1.5930488828095353,25.396977980091464,1.3593758898606065,1.7769146460908645,1.3804794103906572,abnormal
AAK1,6.850351716225637,-0.1775718807024136,1.9288191645608426,37.317654068715015,1.0281271426916883,9.58126693221176,5.65007824572388,-6.651159775387489,5.5776963233452195,normal
AAL1,47.187846133121646,0.02727535060499044,13.074361309566763,91.35954551891409,1.2665594516101528,24.243182587627196,1.4838995678222588,1.7879868516055486,1.5022817362641352,abnormal
AAM1,39.666859535279826,1.5432179710439689,12.652477723684711,84.49988519825196,3.8309925274178513,26.223516504057763,1.7204647683702659,2.74788620056419,1.780582452768744,abnormal
AAN1,79.59596493097763,0.6117311957770661,18.299136970675903,113.67927082345146,1.3895660882562444,25.533526523790428,0.7565107923602403,1.9991595691556152,0.7694335716939434,abnormal
AAO1,48.88409495514668,2.006956075224467,16.446423310976414,90.85918632210712,3.9867810063646276,30.182238811170084,1.361157515781156,1.7318731871146675,1.409183915518451,abnormal
AAQ1,10.622991874943526,0.2583221216228431,2.844315080871058,48.053155542535364,1.3247916448316674,12.346376954105311,4.4405301297953805,6.70164299823188,4.500090531619091,abnormal
AAR1,34.9731032013826,-2.0927398697962905,10.140990626719049,79.89510547058528,5.297923951839132,22.28728853305113,1.9242320273876459,-2.483945814177669,1.940004141208743,abnormal
AAS1,11.166539009666222,-0.28568985833363536,2.911411340567875,48.58244262975283,1.4425482854659823,11.87500023877155,4.320856039809439,-6.168371755343373,4.332681372186862,normal
AAT1,12.574885426065165,-0.1450072681704257,3.2345994987468667,52.0262925792669,0.6803543325710324,12.804955230742092,4.023854783371164,-5.856280737053868,4.0692082914877865,normal
AAU1,55.85991342444133,0.20083098256338494,13.397050994588636,101.19864315250203,1.480112754914502,23.799086367678644,1.2860967972110078,0.8816050180070367,1.3083567724677376,abnormal
AAV1,53.30618365357639,0.41469495859980454,13.072838898920212,98.44634336614055,2.102950450317704,23.351560198929413,1.3511460161021027,1.0680162848834027,1.3864627295661376,abnormal
AAW1,28.086029266664575,0.7757663812315093,7.606723127896507,73.23817528841421,2.2657605659743836,19.44747079010644,2.275280499027042,3.0557717656534757,2.308787502333939,normal
AAX1,48.3522893366885,-1.4296136563348765,13.74734399131917,92.1902097419753,2.89815891874823,25.302239309114903,1.426355577558607,-1.8584598806460977,1.437983338188282,normal
AAY1,80.76508660679963,4.553266523406311,29.087677062899836,104.6048024834432,6.240920694558794,37.19823127810989,0.5519308055479933,0.8006156843489555,0.580804131021673,normal
AAZ1,20.203864759774156,-0.36013202909799197,6.255202750003805,62.87732340632086,1.3576403415709923,18.729455012884173,2.892837072995629,-4.155393999596244,2.9331474140182205,abnormal
ABA1,49.04393437815825,1.6726646834910792,13.768947878014414,91.3368905991842,3.7405439032434273,25.084845208235123,1.370492761739096,2.292633782646019,1.4427384035476707,abnormal
ABB1,65.01639919990721,-1.9421351692949886,17.533172445114406,103.31629054922357,3.30558249851189,27.366630971095898,0.9883017896849593,-1.544880819884166,1.0125312224395049,abnormal
ABC1,76.25748943659516,3.251730580847727,22.853220948892385,108.33957282421332,4.855506698754541,32.18932035808687,0.7342820379014091,1.0436018178548223,0.7576455581873193,abnormal
ABD1,26.50984718583635,-1.0974432348165821,10.27420924621425,66.91739760432692,3.1877807644924094,24.857922967862613,2.2354974155592995,-3.171184926216689,2.2515783595477514,normal
ABE1,33.67226250933175,-0.6249573275779551,9.308934912233685,79.7595884537773,1.5430599848655553,21.029198362077928,2.0354171659718348,-2.9541547824848524,2.064467163416291,normal
ABF1,45.580865143929906,-0.017091696962471592,9.440938549178536,90.93972203282337,1.101898617412239,18.70361233981797,1.5336922552387329,-1.2580038027876197,1.5818329284146118,abnormal
ABH1,17.21257494628768,-0.30286139141307367,4.660937874225134,59.93476627524862,1.4814940284915017,15.614553707355808,3.2836564503019017,-5.84030892496393,3.3043357924597787,abnormal
ABI1,65.13520948818574,-1.1315303613768275,17.718775181914808,102.77863451022868,2.243629224884368,27.09041523795272,0.9874802214250941,-2.087078940084651,1.0004000821028978,abnormal
ABJ1,49.04231361275682,0.4378290409540213,12.185459038364884,91.0673623887119,1.4643386776538758,21.889957469674105,1.3649494597869163,2.718287528788596,1.394874209330931,abnormal
ABK1,41.00000749897947,-1.5273035591120856,13.23628174133975,83.95874280869708,3.2074116788244846,26.131681263408716,1.620661749390126,-2.069970459964849,1.6419687854845204,abnormal
ABL1,49.73220851816968,-0.5003724021633432,15.270515845284395,88.16898208134641,1.4847881704117105,26.352692607692592,1.254720231449623,-2.72215442756018,1.2675810551876743,abnormal
ABM1,62.396953994019334,-0.1558870816124095,14.015504600227974,105.27641410833104,1.1105938698066036,22.758535063608473,1.143004220419684,-0.9779824624873843,1.1443052136235432,abnormal
ABN1,62.674369879659054,-2.1388614593928037,19.860232536160783,94.92833497724962,3.366630177605157,28.532291704696537,0.9113321859625159,-1.5753962509737345,0.90735701413934,abnormal
ABO1,70.4523972789924,0.46318273343814204,17.10353171157502,107.4897833359253,1.2499191863179107,25.648594027676367,0.8959874529032326,1.390908842369064,0.9001234259421842,abnormal
ABP1,31.490657898359608,0.6794131513737547,9.035237454353117,77.71931999678426,2.133658218605743,21.55546673082394,2.1409478413491008,3.3451837377442124,2.194522154533137,abnormal
ABQ1,39.0581077414537,-0.1903813474941907,11.188167938931294,85.18821314854105,1.6107545491222424,23.7397748741208,1.7710982634921775,0.9840088063397509,1.8098261185845732,abnormal
ABR1,41.81998682809336,-1.7645829734139542,12.076482570761291,86.81026859109859,3.9339062375180722,24.58991057121094,1.6351035305623605,-2.1838013641223615,1.658771708113672,abnormal
ABS1,45.31099022046794,0.08319575164247456,15.084050014282374,87.71916063172087,1.7065009319802735,28.708491862982203,1.4598531579723297,-2.5208779798451184,1.482121754299253,abnormal
ABT1,20.57998469246238,0.6264625234033707,6.003037220026349,64.61923561320326,2.1511931469298826,18.282995529289273,2.900101540832167,3.89186669257366,2.9556627502869848,normal
ABU1,35.99180651884117,-0.969208867651752,9.385618135220891,83.09447660794788,2.4265605269997685,20.84854443730039,1.933558839009185,-2.805262924312145,1.948994204955071,abnormal
ABV1,28.538845078508032,0.2795228076708256,9.293997703717498,70.92487910846,1.4098581355355908,22.098650435600288,2.171293246608554,3.799288072729532,2.189408082307265,abnormal
ABW1,49.937228162400345,-1.0035352850033863,12.70908191230864,94.95409028803049,2.37388913600413,23.555222615628225,1.416604595714969,-2.6377364029913326,1.4416680313107353,abnormal
ABX1,36.33525074231274,-0.6428534182818408,12.264984265702418,80.00501132918224,1.7727395675619282,26.357005604747435,1.8061819679608249,-2.7572919824312487,1.8271797907563845,abnormal
ABY1,70.90152398306724,-1.3818479035311286,21.2636262278466,103.2939630815717,2.2292094560023177,30.51135395978943,0.8089028857811862,-1.5091447888348268,0.8472881110731327,abnormal
ABZ1,23.597707986003915,-0.5358871723624726,7.260722900388693,67.04640282590837,1.6811320114373947,19.557381636330238,2.6123709289917167,-3.7197194648898564,2.6428758052469328,abnormal
ACA1,11.973497287215322,-0.1424607242993486,2.7883417016300984,51.44774998810227,0.7657630740094242,11.521320039202589,4.1826016320378105,-6.281199375810015,4.1840265908190295,abnormal
ACB1,11.584093574330717,-0.13686424648893306,2.739931146917497,50.70479232898535,0.716267247036303,11.489407454346216,4.27686936581798,-5.130502260310145,4.281810780420685,normal
ACC1,33.59423686006504,-0.9443344488216763,10.409912172943056,78.15489242812286,2.448569317969712,23.704898809812356,1.94758122266823,-2.669184256558781,1.975047322475051,abnormal
ACD1,33.45335697195417,-0.1428167767056025,8.741350854917895,81.42547716972352,1.1123348496377583,20.6486480421852,2.0726459017286527,0.29990709144999383,2.0855451021774494,normal
ACE1,29.59387740480763,-1.4770835073160653,10.00902234158048,70.0829614755406,3.7792982902051535,23.186001617897073,2.0291087199907,-2.514001777674103,2.0942302394612695,abnormal
ACF1,66.64391858715315,1.3520487462590691,16.944158987538675,106.5193662037814,3.342444651524879,26.739065974493016,1.0026060385390065,2.159696957542854,1.0703064797606898,abnormal
ACG1,53.74345127380657,1.7620492600881998,17.409578509679484,94.07332346640878,3.2647734468480407,29.659051175097925,1.225306544336296,1.6463703579011633,1.2611651810371494,normal
ACH1,7.556405366977968,-0.008788468829820996,2.0124686452346743,39.50466516766992,0.37846559479943914,9.462846445941066,5.369608316583959,-1.100231253036571,5.242605117165789,normal
ACI1,32.694823653198654,-0.819613252624281,11.994028087244999,74.68041406136264,2.0455816839716516,26.552264233395416,1.9221658099129675,-2.7165028007493355,1.9521087162291788,normal
ACJ1,19.420366102293286,-0.26946758653153025,4.900955266912813,63.69131111599862,0.9173727098583491,15.281493389113722,3.085938032015897,-4.411592702706556,3.101092990341257,normal
ACK1,12.538395274246703,-0.2464153228970492,3.0389651502667916,52.052663565135944,1.2166817580423133,12.087626479633476,4.049086440495624,-6.295441919683833,4.073374289682099,normal
ACL1,54.096738963490495,-1.0720360018304789,14.202532891443935,97.93752926646648,2.1554881998204785,25.207995561670902,1.2918089576547163,-2.080631121754286,1.3141932758664765,abnormal
ACM1,33.20559697933227,0.9297420267861453,8.939119513898927,76.08350906805009,2.2576334981785675,19.791643189225592,1.916162240273258,2.501074101906539,1.942152264771041,abnormal
ACN1,21.76865822730466,0.24925833658574717,7.196916185309498,63.64281017297269,1.3960263208925505,20.15262540113534,2.7073547113525915,3.944109499344112,2.7616946363913586,normal
ACO1,40.47583125350968,-1.1514370704792793,13.019005138649957,83.51893132390087,2.4746893153354357,26.12860760756168,1.6289784072510511,-2.1397003025134604,1.650486473707094,abnormal
ACP1,51.4237891436555,0.038646622287969855,18.241538091715977,86.01980929043398,1.2884733940458262,27.929455961905514,1.1654832221597795,0.09227076090434298,1.1800872843651604,abnormal
ACQ1,49.456469657197296,-2.0486149993194487,16.817771763013084,88.83827072292623,4.008131299101666,29.257640601237256,1.2915036368216533,-2.0016988594851255,1.299840237829267,abnormal
ACR1,60.661019241257854,-1.0389323337177991,17.513437094856187,99.7378183338721,2.529218572919785,28.030751046234776,1.071277253218122,-1.7922467028922155,1.0910311467686888,normal
ACS1,76.6774639154083,3.4821402989616237,26.219050739796895,104.60605812346913,5.327311489593087,35.472870151288305,0.6595399326535981,1.0797488018775505,0.6992445969707342,abnormal
ACT1,61.679000659171635,0.5835267199933054,14.563278881919338,101.23591900887249,3.3525445935715923,23.562170176781617,1.0706517371357775,1.541980863446865,1.1326695692161968,abnormal
ACU1,64.16698216062547,-0.14980010660980606,15.170596481876329,106.12744160885919,2.4030440603941896,24.547605193371314,1.0786254545389478,-1.306136936640048,1.098714727884839,abnormal
ACV1,13.94885371584908,-0.24497666870031035,3.89258081352119,52.448442103244254,1.0445714375499129,13.572663071109725,3.7063645607092406,-4.815281586692092,3.6715928742901753,normal
ACW1,62.68144433626882,-0.9836696365790917,15.9267341535012,103.06009420064625,1.9213775272324876,25.224912480146802,1.0822521218748222,-2.255438056383086,1.0931452330023124,abnormal
ACX1,51.03314538410854,0.2951195700018332,17.129691499279602,90.39369367645746,1.593630048405753,28.917660013687502,1.275157759960038,2.0808285571353484,1.310869329207233,abnormal
ACY1,40.393924485779046,-0.6822112140215729,10.754492276034831,87.02510754119416,2.5229381745578037,22.332324743296876,1.7463751536141459,-2.9881608928451775,1.7682619380118316,normal
ACZ1,43.918766017349604,-0.27657494739928123,11.84919389400524,89.4783319201483,0.9378225235579265,23.202978850838903,1.6083990001189623,-1.8627700182398566,1.6284280217471445,abnormal
ADA1,56.47562670301212,1.3662531552405632,14.546464413247923,94.04597027048631,2.788525400283522,23.652078933291893,1.1037788374783417,2.0552145860272777,1.1570280166471074,abnormal
ADB1,55.98174783129227,0.7063580926073334,17.21392475905105,96.49631122761548,2.997619979516148,29.118994276420267,1.1795544537925087,1.425422216765901,1.2139417319105363,abnormal
ADC1,80.28922770749949,-7.8233052577663384,19.105578842672006,108.22306360316713,11.245319893465128,24.727582785707256,0.6449655121984004,-1.015132587896494,0.6630772881069068,abnormal
ADD1,47.78751878930313,-0.2818743623267439,11.489498865021815,93.73430142862254,1.6482265722574934,20.907212929079826,1.5273680889602608,-2.17846579173577,1.5084931299927002,abnormal
ADE1,57.101354380658904,-3.206655034999618,14.305925381698753,99.11323786469337,6.32215096740079,24.02149349302855,1.203964211626556,-1.8448065233745852,1.2189095561956078,abnormal
ADF1,54.81037226375975,-0.03330953838179829,15.441089988531221,97.41494328375603,1.4463201810903796,26.965320835647603,1.2470458218573013,0.9703144888563158,1.2793996110181962,abnormal
ADH1,62.93403609515126,-0.8181520872643989,13.7851306527869,106.26644689242671,2.186291367124148,22.64888342577761,1.131797575925861,-3.240052312592825,1.1320561894261936,abnormal
ADI1,20.572978197767146,-0.1975776980329606,5.240421610845296,65.17122351310219,0.7440600385412299,15.960529369247737,2.9604119708695196,-4.637588966404639,2.996924262755067,normal
ADJ1,73.16651427879106,-0.1939094677945171,19.00067660146268,107.63375198970319,1.5980992851933538,27.28269211580654,0.8220000880193877,-0.6036999695936878,0.8350830768669618,abnormal
ADK1,32.011553921906994,-1.7921058995421173,13.123452578173534,72.25986662273553,4.206932480864763,28.819595797773115,1.8770812829395551,-2.3799493171555235,1.8760977580800033,normal
ADL1,29.481878665181895,-0.4372807727894267,7.455189656019454,75.80558414820085,1.2100370331160009,17.5475301519113,2.2952552403235673,-3.7012670456393764,2.258533084769273,normal
ADM1,35.937469891286774,1.1520568794316284,9.817315619707522,83.70710853800809,3.0874685457021127,22.331379848718925,1.9509418691870912,2.954791742005615,2.019059662935425,abnormal
ADN1,67.89533188135037,2.688217977712229,19.945980055719435,104.13046853051358,4.65435670581414,29.930648649399895,0.9251288153581441,1.5486662536771127,0.9732124043487347,abnormal
ADO1,44.15565800837419,-0.35019339766955876,11.695795701885505,90.43796505339007,1.2160750593870175,23.31666938506055,1.6079209549358993,-3.0665131715568603,1.6477885162245163,abnormal
ADP1,31.434099957763895,0.6214459076236171,9.673280191269194,73.3876528976927,1.6100750723658672,22.323594524539942,1.9440701972573247,2.453690742829698,1.9941827687016564,normal
ADQ1,21.621000276421622,-0.12318215406417596,7.810439958108497,59.93682168388473,0.7741734251822864,20.553028288644803,2.549631682180239,-2.2357666935143365,2.5494336173130825,abnormal
ADR1,53.85039081454466,-0.024146703548596493,12.46764723153714,100.17928674511553,1.1527969480878646,22.64370597203346,1.3558187169685991,-0.4782354797041592,1.3672963925720105,abnormal
ADS1,75.0771625445362,3.0806224749163906,21.897133943075552,107.84065649636345,4.89311020133064,30.999340970754318,0.7700721547509897,1.3012755344414884,0.8155970729214679,abnormal
ADT1,20.472522697272186,-0.6316665727190341,5.903225228150041,64.0952603271384,2.1640906999551333,17.897681462474996,2.882845456687097,-3.8778096962332396,2.9158214458462197,abnormal
ADU1,62.72597378236117,-1.1818506968696771,19.327365065669643,98.38575659310985,2.456915909508698,29.063442956662172,0.9839137526655319,-2.0845475091075047,0.9971888708423877,normal
ADV1,63.299049349547495,-0.8157510840874791,18.077378023324716,100.85225605165842,1.8115866460972558,28.13207747013786,1.0080373786849917,-2.1003259722632173,1.046486248287163,normal
ADW1,15.381728329496234,-0.19964129628906965,3.499358703710929,58.41534408764005,0.9542957127432006,12.85198777546966,3.622385649699937,-5.966206785965516,3.6311681102847055,normal
ADX1,59.827949761846114,-1.0682792765048847,13.570728730393366,103.79692837491515,3.1410496939147543,23.017077471398395,1.1847531549253352,-3.147135885149771,1.1939182318368144,abnormal
ADY1,51.274589434947764,-3.1675607312440635,13.023083966445077,95.6427568136818,6.99932808244064,23.914913641539776,1.361397704374413,-2.3181097460904465,1.3902453726996749,abnormal
AEA1,60.870545105799366,-3.565060505485892,22.574668985109717,92.51720097434985,5.516753910298128,32.96182581620715,0.9154134361401067,-1.2099041309678493,0.9200678888513785,normal
AEB1,65.06156527269445,-1.6187197475750448,19.915816838724858,98.93214993738027,2.448681565757086,29.119347034902987,0.9144895477021069,-1.3231244825268251,0.9311779383203406,abnormal
AEC1,46.02927112497891,2.0241337549896006,16.804410777534155,86.43869245796131,4.31494784381434,31.111637999849584,1.3900220644178092,1.9437630422362742,1.4259782677753472,abnormal
AED1,28.48350120115932,0.1631889772322198,8.190156538181364,74.51230525341262,1.074558246229984,20.676581281893508,2.3067605792901347,2.5795378084163,2.337099528060381,abnormal
AEE1,31.35487620448637,-1.2885627656096754,9.40505950435094,72.59688026758384,3.081139015413875,20.794938453650232,1.966098870564804,-2.4039865832169376,1.9571465419955234,abnormal
AEF1,38.41209317512022,1.2872051031487524,10.892704746393672,85.17738900526851,3.2946536903708883,23.567287484539527,1.817548119028931,2.8508180536894687,1.893655216361089,abnormal
AEG1,10.710086632950397,-0.3910135177680273,2.9219950095455003,47.60284554161474,1.9248487127322655,12.501868256690075,4.358446463197498,-5.630903740000381,4.38804161874568,normal
AEH1,57.55117378857701,-0.06643113624726353,14.550055415910254,101.16989116899495,1.1811332804993946,25.089702574911396,1.215175527943265,-0.19370604907181538,1.2354187307904783,abnormal
AEI1,27.720307620108176,-0.05501563792554799,6.861889993636652,74.93633957422988,1.1638636893121133,18.140126615776506,2.398154367357861,-0.9619804429303365,2.4208467084658913,normal
AEJ1,18.95320880541872,0.3609235344827592,4.918389716748768,62.79345953136566,1.2280815647816214,15.668679860416297,3.105518174436321,3.832728883176247,3.1361086533534794,abnormal
AEL1,35.39544080968272,1.154028314402638,10.846533156782904,81.14378144923238,2.8457102606768503,24.012826961282144,1.9182609707319767,2.601011096022871,1.9418712512471092,abnormal
AEM1,72.34034002409467,0.3213399985826684,18.581348026362413,108.77381382403533,1.6493583872721378,27.523957819358028,0.863379814072442,1.60977031718326,0.8921678647575645,abnormal
AEN1,68.9417003409656,-1.8797620936234676,19.834130241754078,103.90999511591728,3.751500479838821,29.584788792698934,0.8668391851875902,-2.0120151522397136,0.894467333523131,abnormal
AEO1,37.86581368509774,0.8148645710222867,10.21955247037109,85.4327525457194,1.9964971448323132,22.64808660289325,1.8527889208793789,2.4879821961579354,1.8845352980880725,abnormal
AEP1,39.2569211622222,0.13712666119901065,9.373972863433316,87.94755774503498,0.6400678105225235,20.68951285098689,1.8247719658923278,2.4705035724642195,1.8316998548248722,normal
AEQ1,44.384511151368756,0.2223752703013586,10.548242581090406,92.77187552736575,1.3697260698738982,21.471523521014525,1.6509016857095784,3.5456102123877917,1.6790010091728946,abnormal
AER1,27.34884126274902,0.8315759877514066,9.084723721523211,71.24622535042859,2.608018674321226,22.65634326025298,2.330907680389252,3.405535389337539,2.3950329836166726,abnormal
AES1,40.074273422010634,-0.7517663302588029,10.373683284817222,83.22565081077863,1.6491023565080525,20.787640054917308,1.6487945726319897,-2.5205516708780586,1.6510360254323098,abnormal
AET1,67.71101369826098,2.154372835225642,21.56953984322602,102.16817721544413,3.7400118688513118,32.03753285852011,0.8829084173017163,1.4818603824856198,0.9205578007333983,abnormal
AEU1,52.158222627172094,0.31025185238286573,11.709060403165685,95.07064867657148,1.4766433577738658,20.96136436539355,1.3154450118566912,0.9381601455643579,1.3400611480331694,abnormal
AEV1,49.46967194935648,-2.9148283683484744,16.414642734020113,89.16532614666102,5.562535108724412,28.715325174489497,1.300722584678965,-1.8420685600972324,1.3209160054334654,normal
AEW1,49.49989567691254,-0.8110893577681738,13.614082237749383,93.68677572777013,2.067304637033222,25.089198208922635,1.4033996404169082,-2.84689490062044,1.4270272859210655,normal
AEX1,65.01952710688592,-1.069105432195595,15.033892769243256,106.2888191041452,2.865897379278274,23.87508015712402,1.057514888050269,-2.7856634535651814,1.063900650541123,abnormal
AEY1,49.44560331460632,-0.9513292393569824,14.110464556934641,92.85421221579625,1.9395409754011526,25.785767956881436,1.386031917064772,-2.1133207324629155,1.4030064646815477,abnormal
AFA1,46.06985328271389,1.0563155805776672,13.107341185098903,91.63873235288756,2.4291114945058307,25.555378304522822,1.5277215331914535,2.339922987569617,1.564069847162748,abnormal
AFB1,66.57192536284577,0.44327455079841427,17.525375117413564,105.88377696361582,1.2684950687793306,27.593250618195487,0.9826801563416689,1.813813623949205,1.0120905032783531,abnormal
AFC1,33.80399794460458,-1.4826233279024097,11.281136692150225,76.61456592684243,3.3746550057640015,24.35972192876395,1.9104019737351592,-2.2936141407386517,1.9234006272706352,normal
AFE1,39.41468318166208,0.8048614726419424,11.279750901442306,86.80466786087382,1.9682985925201837,24.66762130434483,1.7735588720695026,2.2732001702165334,1.8127130030794933,normal
AFH1,66.25243559901236,2.341351825842698,21.04940695895657,101.78859341490556,3.8487842282032907,31.85432744201678,0.9183482833384642,1.2971947214934225,0.9501383646201154,normal
AFI1,28.870934833954735,0.9214375652475514,11.189686256828233,66.54191060110432,2.296743057172788,25.195273801986318,1.9468753267677823,2.4004687678657826,1.968414004045942,normal
AFJ1,24.284941148879142,-0.7669066337719291,9.006138188352825,64.2463364125325,2.0190004819045106,22.61524479098293,2.3737181878436497,-2.8916243871431533,2.3805550625331575,normal
AFK1,68.00650459827582,-1.509468342348073,18.558244650495684,105.0285845086204,2.594977846626582,28.24458976538963,0.9167370143768576,-1.5208658368300778,0.9306028459895103,normal
AFL1,28.224979020024275,-0.567143583131067,6.550888425364077,76.0145166323541,1.6940216918685,17.00169352013587,2.3948365218045673,-3.5358536969231142,2.391584978972573,normal
AGA1,29.873825722021664,-1.384030527978338,10.98745528730445,72.01389761218977,3.5077717221394455,25.785918736482767,2.06410657171736,-2.5766409649492794,2.0878319121299667,normal
AGB1,51.060106586084906,-3.895289911556602,20.722532340801887,85.15697415689247,6.546205077727994,33.57762692480912,1.1193304394067085,-1.335013247113617,1.1220233602868213,normal
AGM1,7.57935780776936,-0.27430608233291637,1.965363124915272,40.23023224851697,1.5800254247016619,9.778448211968255,5.344675405547263,-6.483636647711661,5.307649971137361,normal
AGO1,8.962262366928028,-0.35184847857036583,2.7853544601687177,41.74979352583058,1.777114761777666,12.276949340711322,4.671665564153752,-5.977032153980746,4.657449550656692,normal
AGV1,56.98233232738912,-2.4517957018747123,24.30100424586844,86.31244987161806,4.037724142399617,35.81749420896194,0.910158257955,-1.4859795515946976,0.9398359656325553,normal
AGW1,7.061769133170451,-0.183852627656664,1.6113029092418423,39.87111322819914,1.2049676354072152,8.669381422277832,5.632890673564275,-7.928778878429845,5.600753097362646,normal
AGX1,37.36018333950128,-0.41559808969953205,13.223127323993308,78.04987381776112,1.114941882652662,26.126941623963464,1.716088780801084,-2.2395812532755603,1.7521548526738007,normal
AGY1,58.094850750448025,-1.5491199456765217,21.025721956205203,92.42977405072025,2.8753609282681163,32.5740665624202,0.9986209225069815,-1.8127529989868134,1.0046876066487649,normal
AHA1,21.039195878036477,-0.5762204567980656,5.264566437427184,66.46792588544291,1.9660828481453487,16.199277756107595,2.8989586194797634,-3.746108599768628,2.9162991170614934,normal
AHD1,22.289712910182434,0.6772783936585658,6.776057644110274,66.56535669892115,2.501067057291219,19.61819048013373,2.743673108994405,4.273080828666824,2.8478386015536885,normal
AHQ1,21.870898473693867,-0.20641662653089243,5.1028741514150715,67.95252660435219,0.6629924426513546,15.255649665604968,2.8780223367801514,-3.0820114082428023,2.8798553805405778,normal
AHR1,35.14175593211214,-1.478401467942591,11.819240725536906,78.45753334845757,3.4385440180346674,25.636591119381603,1.8467348005764221,-2.2426533048607387,1.8679896461072656,normal
AHS1,43.34180301090888,-0.6389100071191764,13.516451359475338,87.42271853483167,1.780228478606299,26.927121241571623,1.556454705041855,-2.5504402846306613,1.5978991159344953,normal
AHT1,9.437062962627268,0.0005391535830222521,2.1141159518078756,45.72722250865363,0.33643044146421347,9.718687306689025,4.8019311523459445,-3.2213383713065644,4.756082141622593,normal
AIB1,32.53859134387351,-0.09459730865971877,9.310532069708948,79.10563412891258,1.2396832702255547,21.850338094731484,2.080362434989913,-1.068637410954536,2.105355270581577,normal
AID1,4.090439930901546,-0.013451243118741414,1.252771676985151,27.202272187980267,0.29398479383610854,7.45612917069271,7.067187918093311,-0.45541135292379054,6.897613951616646,normal
AIF1,61.48614761104105,1.0994416509037428,18.065198569076646,100.98756935731625,2.07097379352686,29.327182869378465,1.060490695613351,1.8147911006617512,1.1006422928814255,normal
AIH1,10.59206413826118,-0.19592226227810478,2.468135594048282,48.48694316461874,0.927278704857036,10.69245073942182,4.505713865187769,-5.629089212153913,4.478813126789421,normal
AIL1,12.078882443724643,-0.2461183409507585,2.8552920963477266,51.656546859590705,1.2674438506406251,11.734045100131905,4.142790230786982,-6.324556355402598,4.1388699063217125,normal
AIO1,57.357734805228866,1.8130896690421037,19.08484868622393,93.83631777891878,3.1752426136207292,30.814202526793235,1.053001686936992,1.4492115253326214,1.0734742951529566,normal
AJA1,26.360701403168314,-0.38564210409889976,7.032835697084566,72.79130478871464,1.8277257613939832,18.718540650488382,2.4685911323171323,-4.358876413631346,2.489378850743457,abnormal
AJC1,67.00642302714645,-2.9009739530723886,22.270071154250843,99.2940162000117,4.38847389272918,32.506710700036905,0.8345312039372607,-1.0351401788109984,0.8488637932292926,normal
AJE1,26.930777991990688,-0.9755940890764937,7.656677320940552,72.13875299231833,2.7088717842007317,19.752932176532237,2.3819614590799305,-2.946714668719483,2.3974656246696306,normal
AJG1,11.392607568128048,0.1755936970873575,2.8365854627081344,49.99700078201623,0.8298214526426391,11.956883629987589,4.285270122876238,5.598512789210933,4.317661900780563,normal
AJL1,46.00500370414569,-0.38186647174383875,14.404083396063601,88.93869570562066,1.9278492911869016,26.975471925340578,1.4628411273522375,-1.1693377176045914,1.4693326488855905,normal
AJN1,22.387095882509534,-0.004418626319992231,5.359431108941934,69.32903862406938,0.4738438799499965,16.056957606299896,2.833588908792881,1.4539652740588553,2.851042651550638,normal
AJP1,36.53496020968196,0.9769735028902996,11.583247837688633,78.58827102791079,2.324766382435149,24.285846800515344,1.741030665124387,2.220061963189561,1.7868910047719935,abnormal
AJW1,27.16355253209197,-0.621716861804673,7.677032327079513,72.43597160297784,1.8473881291060397,19.741160238944676,2.3787956079635055,-3.6213431602261026,2.4318387126114684,normal
AJZ1,25.281666478150573,-1.0094950924343569,8.634157537979846,66.81079920921684,2.7870181926079876,21.618243634876535,2.3901965496935977,-3.070141311228877,2.4063340520419425,normal
AKB1,2.7896957009007504,-0.07312435784989342,0.834084387921313,23.8135957394307,0.62070543552072,6.346832409265638,9.039727982403912,-10.977391962850612,8.749209109065756,normal
AKJ1,41.76592897927534,1.962977536538372,14.201014380375016,86.60987164931548,4.258744430145333,29.305104673446856,1.6118431310758652,1.8619483806092842,1.6394828267495336,normal
AKZ1,68.04955531106143,-0.553812183077197,23.73554822289556,97.4327740549148,2.0219498946591603,32.4449950484635,0.7873189791796995,-1.0068159169187791,0.7892702698312624,normal
ALC1,44.174353770573084,-1.4667701148561842,11.14937636621771,91.20008760995822,3.4410276368241433,22.545455433147822,1.6111447578084757,-2.486798801389284,1.6277240314748467,normal
ALF1,53.262330560398496,-3.1938465006226635,14.723821295143209,95.75561755584523,6.519320506025287,26.186822412403647,1.2697518109541301,-1.909801284158284,1.3050719296533915,normal
ALI1,61.37901639247072,-3.764892781977173,24.572973173262188,90.05160348203984,5.864790317673434,35.4784628091321,0.8170361491020841,-1.2843566914326068,0.8214233238823037,normal
ALU1,19.061048024506622,-0.7865015515270289,5.255481039589319,61.946803709216894,3.0410116331977575,16.30247710765396,3.064556157704276,-4.512893332926616,3.0939685306019977,normal
AMC1,28.43271751903013,-0.8400298526828482,8.380209281512828,73.97619565707511,2.294951877283819,21.396113237220913,2.2626104877613042,-2.8569121690420425,2.2833213351438215,normal
AMF1,82.40121496878814,-1.6771777609593512,19.738535242419978,113.78379762682036,2.4874427485549595,27.02347291032826,0.6690474448951436,-1.1321438096248013,0.6790055466593625,normal
AMK1,22.980385462994633,-0.7798910579883676,5.565192831280646,69.3254395196627,2.829306567232381,16.1987879811846,2.750243382464572,-4.2526769287751085,2.757024890720419,normal
AMT1,34.43703565086843,-0.9678030206222331,11.855864577657744,76.91657094019955,2.129264510832402,25.46321793281689,1.8664496099849563,-2.325598049665116,1.8992222218057642,normal
AMY1,61.191102940860205,-2.2114055322580626,19.482185940860216,96.91470577884691,3.882264004041434,29.821589143804033,1.000808948136552,-1.7601615673415418,1.0143687841608924,normal
ANC1,51.24224409108774,1.9789992964136522,15.450823293075254,95.42337808195211,3.99832301867862,28.60016872536323,1.342664930722262,1.776743558728259,1.382008724871485,normal
ANP1,7.924253947851633,-0.17796728791773758,2.2764541406536907,40.012851720189765,0.8206247647892704,10.486657507418242,5.209346350078888,-5.544678032011191,5.146486056086511,normal
ANS1,40.87832964794044,-0.1723747991276388,10.948403741145217,86.99061164795397,1.1822470628380535,22.02017993452061,1.7376742251424289,0.14286792286718933,1.7536074303621099,normal
ANV1,12.727047254460674,-0.7825134518923847,3.910107379786124,49.94983965493137,3.305248346292848,14.475525089661327,3.8381239480352374,-4.626830408255898,3.8330818237106876,normal
AOP1,41.16606287826754,0.17797379903842392,11.086819461839927,88.94313990209912,1.31444011550475,23.797424702922026,1.7250090047821505,1.657286871569525,1.7756446321750878,normal
AOS1,9.824446269063179,-0.193434259259259,2.8798521241830066,44.71333939782685,0.8699500042182731,12.604693674659448,4.5087100623341465,-4.937396125562253,4.5713942548805315,normal
AOV1,8.218766795562141,-0.17705460590509897,1.9313427414983197,42.745295307634066,1.1307181910214372,9.568580222352827,5.176535970605546,-8.075150455257235,5.165058602573172,normal
APB1,35.23247802136937,-0.8084302272887474,11.321404114762185,79.18964243017156,2.046028061311411,24.857115958013026,1.8621816597534542,-2.6992853523877653,1.9068814119698718,normal
APF1,21.45092132945238,-1.2739866783997829,7.526199282474785,62.617931721998474,3.875426291854656,21.127778835427485,2.673875794519464,-3.1309593218865808,2.688657998833104,normal
API1,71.15583648362392,-0.883569928930445,19.922347708100922,106.04734038730147,2.3068186396307584,29.331777874582983,0.8426247695251922,-2.143766366837598,0.8645891818934757,normal
APT1,16.581748145788602,-0.3913358147912188,3.595505749431742,60.83210814153293,1.8453887240877043,12.93970055501131,3.4449820646930287,-5.728176998343888,3.441307790169181,normal
APV1,35.4514344820497,-0.9165529643049871,10.746595674967235,80.31997301860874,2.4048853131791192,23.825690183111536,1.8755591285223907,-2.913946920924521,1.9082549619742892,normal
